frame,active_signature
943,large[26d0 x=fd80]
944,large[26d0 x=fb80]
945,large[26d0 x=f980]
946,large[26d0 x=f780]
947,large[26d0 x=f580]
948,large[26d0 x=f380]
949,large[26d0 x=f180]
950,large[26d0 x=ef80]
951,large[26d0 x=ed80]
952,large[26d0 x=eb80]
953,large[26d0 x=e980]
954,large[26d0 x=e780]
955,large[26d0 x=e580]
956,large[26d0 x=e380]
957,large[26d0 x=e180]
958,large[26d0 x=df80]
959,large[26d0 x=dd80]
960,large[26d0 x=db80]
961,large[26d0 x=d980]
962,large[26d0 x=d780]
963,large[26d0 x=d580]
964,large[26d0 x=d380]
965,large[26d0 x=d180]
966,large[26d0 x=cf80]
967,large[26d0 x=cd80]
968,large[26d0 x=cb80]
969,large[26d0 x=c980]
970,large[26d0 x=c780]
971,large[26d0 x=c580]
972,large[26d0 x=c380]
973,large[26d0 x=c180]
974,large[26d0 x=bf80]
975,large[26d0 x=bd80]
976,large[26d0 x=bb80]
977,large[26d0 x=b980]
978,large[26d0 x=b780]
979,large[26d0 x=b580]
980,large[26d0 x=b380]
981,large[26d0 x=b180]
982,large[26d0 x=af80]
983,large[26d0 x=ad80]
984,large[26d0 x=ab80]
985,large[26d0 x=a980]
986,large[26d0 x=a780]
987,large[26d0 x=a580]
988,large[26d0 x=a380]
989,large[26d0 x=a180]
990,large[26d0 x=9f80]
991,large[26d0 x=9d80]
992,large[26d0 x=9b80]
993,large[26d0 x=9980]
994,large[26d0 x=9780]
995,large[26d0 x=9580]
996,large[26d0 x=9380]
997,large[26d0 x=9180]
998,large[26d0 x=8f80]
999,large[26d0 x=8d80]
1000,large[26d0 x=8b80]
1001,large[26d0 x=8980]
1002,large[26d0 x=8780]
1003,large[26d0 x=8580]
1004,large[26d0 x=8380]
1005,large[26d0 x=8180]
1006,large[26d0 x=7f80]
1007,large[26d0 x=7d80]
1008,large[26d0 x=7b80]
1009,large[26d0 x=7980]
1010,large[26d0 x=7780]
1011,large[26d0 x=7580]
1012,large[26d0 x=7380]
1013,large[26d0 x=7180]
1014,large[26d0 x=6f80]
1015,large[26d0 x=6d80]
1016,large[26d0 x=6b80]
1017,large[26d0 x=6980]
1018,large[26d0 x=6780]
1019,large[26d0 x=6580]
1020,large[26d0 x=6380]
1021,large[26d0 x=6180]
1022,large[26d0 x=5f80]
1023,large[26d0 x=5d80]
1024,large[26d0 x=5b80]
1025,large[26d0 x=5980]
1026,large[26d0 x=5780]
1027,large[26d0 x=5580]
1028,large[26d0 x=5380]
1029,large[26d0 x=5180]
1030,large[26d0 x=4f80]
1031,large[26d0 x=4d80]
1032,large[26d0 x=4b80]
1033,large[26d0 x=4980]
1034,large[26d0 x=4780]
1035,large[26d0 x=4580]
1036,large[26d0 x=4380]
1037,large[26d0 x=4180]
1038,large[26d0 x=3f80]
1039,large[26d0 x=3d80]
1040,large[26d0 x=3b80]
1041,large[26d0 x=3980]
1042,large[26d0 x=3780]
1043,large[26d0 x=3580]
1044,large[26d0 x=3380]
1045,large[26d0 x=3180]
1046,large[26d0 x=2f80]
1047,large[26d0 x=2d80]
1048,large[26d0 x=2b80]
1049,large[26d0 x=2980]
1050,large[26d0 x=2780]
1051,large[26d0 x=2580]
1052,large[26d0 x=2380]
1053,large[26d0 x=2180]
1054,large[26d0 x=1f80] large[2700 x=fd80]
1055,large[26d0 x=1d80] large[2700 x=fb80]
1056,large[26d0 x=1b80] large[2700 x=f980]
1057,large[26d0 x=1980] large[2700 x=f780]
1058,large[26d0 x=1780] large[2700 x=f580]
1059,large[26d0 x=1580] large[2700 x=f380]
1060,large[26d0 x=1380] large[2700 x=f180]
1061,large[26d0 x=1180] large[2700 x=ef80]
1062,large[26d0 x=0f80] large[2700 x=ed80]
1063,large[26d0 x=0d80] large[2700 x=eb80]
1064,large[26d0 x=0b80] large[2700 x=e980]
1065,large[26d0 x=0980] large[2700 x=e780]
1066,large[26d0 x=0780] large[2700 x=e580]
1067,large[26d0 x=0580] large[2700 x=e380]
1068,large[26d0 x=0380] large[2700 x=e180]
1069,large[26d0 x=0180] large[2700 x=df80]
1070,large[2700 x=dd80]
1071,large[2700 x=db80]
1072,large[2700 x=d980]
1073,large[2700 x=d780]
1074,large[2700 x=d580]
1075,large[2700 x=d380]
1076,large[2700 x=d180]
1077,large[2700 x=cf80]
1078,large[2700 x=cd80]
1079,large[2700 x=cb80]
1080,large[2700 x=c980]
1081,large[2700 x=c780]
1082,large[2700 x=c580]
1083,large[2700 x=c380]
1084,large[2700 x=c180]
1085,large[2700 x=bf80]
1086,large[2700 x=bd80]
1087,large[2700 x=bb80]
1088,large[2700 x=b980]
1089,large[2700 x=b780]
1090,large[2700 x=b580]
1091,large[2700 x=b380]
1092,large[2700 x=b180]
1093,large[2700 x=af80]
1094,large[2700 x=ad80]
1095,large[2700 x=ab80]
1096,large[2700 x=a980]
1097,large[2700 x=a780]
1098,large[2700 x=a580]
1099,large[2700 x=a380]
1100,large[2700 x=a180]
1101,large[2700 x=9f80]
1102,large[2700 x=9d80]
1103,large[2700 x=9b80]
1104,large[2700 x=9980]
1105,large[2700 x=9780]
1106,large[2700 x=9580]
1107,large[2700 x=9380]
1108,large[2700 x=9180]
1109,large[2700 x=8f80]
1110,large[2700 x=8d80]
1111,large[2700 x=8b80]
1112,large[2700 x=8980]
1113,large[2700 x=8780]
1114,large[2700 x=8580]
1115,large[2700 x=8380]
1116,large[2700 x=8180]
1117,large[2700 x=7f80]
1118,large[2700 x=7d80]
1119,large[2700 x=7b80]
1120,large[2700 x=7980]
1121,large[2700 x=7780]
1122,large[2700 x=7580]
1123,large[2700 x=7380]
1124,large[2700 x=7180]
1125,large[2700 x=6f80]
1126,large[2700 x=6d80]
1127,large[2700 x=6b80]
1128,large[2700 x=6980]
1129,large[2700 x=6780]
1130,large[2700 x=6580]
1131,large[2700 x=6380]
1132,large[2700 x=6180]
1133,large[2700 x=5f80]
1134,large[2700 x=5d80]
1135,large[2700 x=5b80]
1136,large[2700 x=5980]
1137,large[2700 x=5780]
1138,large[2700 x=5580]
1139,large[2700 x=5380]
1140,large[2700 x=5180]
1141,large[2700 x=4f80]
1142,large[2700 x=4d80]
1143,large[2700 x=4b80]
1144,large[2700 x=4980]
1145,large[2700 x=4780]
1146,large[2700 x=4580]
1147,large[2700 x=4380]
1148,large[2700 x=4180]
1149,large[2700 x=3f80]
1150,large[2700 x=3d80]
1151,large[2700 x=3b80]
1152,large[2700 x=3980]
1153,large[2700 x=3780]
1154,large[2700 x=3580]
1155,large[2700 x=3380]
1156,large[2700 x=3180]
1157,large[2700 x=2f80]
1158,large[2700 x=2d80]
1159,large[2700 x=2b80]
1160,large[2700 x=2980]
1161,large[2700 x=2780]
1162,large[2700 x=2580]
1163,large[2700 x=2380]
1164,large[2700 x=2180]
1165,large[2700 x=1f80]
1166,large[2700 x=1d80]
1167,large[2700 x=1b80]
1168,large[2700 x=1980]
1169,large[2700 x=1780]
1170,large[2700 x=1580]
1171,large[2700 x=1380]
1172,large[2700 x=1180]
1173,large[2700 x=1230]
1174,large[2700 x=12e0]
1175,large[2700 x=1390]
1176,large[2700 x=1440]
1177,large[2700 x=14f0]
1178,large[2700 x=15a0]
1179,large[2700 x=1650]
1180,large[2700 x=1700]
1181,large[2700 x=17b0]
1182,large[2700 x=1860]
1183,large[2700 x=1910]
1184,large[2700 x=19c0]
1185,large[2700 x=1a70]
1186,large[2700 x=1b20]
1187,large[2700 x=1bd0]
1188,large[2700 x=1c80]
1189,large[2700 x=1d30]
1190,large[2700 x=1de0]
1191,large[2700 x=1e90]
1192,large[2700 x=1f40]
1193,large[2700 x=1ff0]
1194,large[2700 x=20a0]
1195,large[2700 x=2150]
1196,large[2700 x=2200]
1197,large[2700 x=22b0]
1198,large[2700 x=2360]
1199,large[2700 x=2410]
1200,large[2700 x=24c0]
1201,large[2700 x=2570]
1202,large[2700 x=2620]
1203,large[2700 x=26d0]
1204,large[2700 x=2780]
1205,large[2700 x=2830]
1206,large[2700 x=28e0]
1207,large[2700 x=2990]
1208,large[2700 x=2a40]
1209,large[2700 x=2af0]
1210,large[2700 x=2ba0]
1211,large[2700 x=2c50]
1212,large[2700 x=2d00]
1213,large[2700 x=2db0]
1214,large[2700 x=2e60]
1215,large[2700 x=2f10]
1216,large[2700 x=2fc0]
1217,large[2700 x=3070]
1218,large[2700 x=3120]
1219,large[2700 x=31d0]
1220,large[2700 x=3280]
1221,large[2700 x=3330]
1222,large[2700 x=33e0]
1223,large[2700 x=3490]
1224,large[2700 x=3540]
1225,large[2700 x=35f0]
1226,large[2700 x=36a0]
1227,large[2700 x=3750]
1228,large[2700 x=3800]
1229,large[2700 x=38b0]
1230,large[2700 x=3960]
1231,large[2700 x=3a10]
1232,large[2700 x=3ac0]
1233,large[2700 x=3b70]
1234,large[2700 x=3c20]
1235,large[2700 x=3cd0]
1236,large[2700 x=3d80]
1237,large[2700 x=3e30]
1238,large[2700 x=3ee0]
1239,large[2700 x=3f90]
1240,large[2700 x=4040]
1241,large[2700 x=40f0]
1242,large[2700 x=41a0]
1243,large[2700 x=4250]
1244,large[2700 x=4300]
1245,large[2700 x=43b0]
1246,large[2700 x=4460]
1247,large[2700 x=4510]
1248,large[2700 x=45c0]
1249,large[2700 x=4670]
1250,large[2700 x=4720]
1251,large[2700 x=47d0]
1252,large[2700 x=4880]
1253,large[2700 x=4930]
1254,large[2700 x=49e0]
1255,large[2700 x=4a90]
1256,large[2700 x=4b40]
1257,large[2700 x=4bf0]
1258,large[2700 x=4ca0]
1259,large[2700 x=4d50]
1260,large[2700 x=4e00]
1261,large[2700 x=4eb0]
1262,large[2700 x=4f60]
1263,large[2700 x=5010]
1264,large[2700 x=50c0]
1265,large[2700 x=5170]
1266,large[2700 x=5220]
1267,large[2700 x=52d0]
1268,large[2700 x=5380]
1269,large[2700 x=5430]
1270,large[2700 x=54e0]
1271,large[2700 x=5590]
1272,large[2700 x=5640]
1273,large[2700 x=56f0]
1274,large[2700 x=57a0]
1275,large[2700 x=5850]
1276,large[2700 x=5900]
1277,large[2700 x=59b0]
1278,large[2700 x=5a60]
1279,large[2700 x=5b10]
1280,large[2700 x=5bc0]
1281,large[2700 x=5c70]
1282,large[2700 x=5d20]
1283,large[2700 x=5dd0]
1284,large[2700 x=5e80]
1285,large[2700 x=5f30]
1286,large[2700 x=5fe0]
1287,large[2700 x=6090]
1288,large[2700 x=6140]
1289,large[2700 x=61f0]
1290,large[2700 x=62a0]
1291,large[2700 x=6350]
1292,large[2700 x=6400]
1293,large[2700 x=64b0]
1294,large[2700 x=6560]
1295,large[2700 x=6610]
1296,large[2700 x=66c0]
1297,large[2700 x=6770]
1298,large[2700 x=6820]
1299,large[2700 x=68d0]
1300,large[2700 x=6980]
1301,large[2700 x=6a30]
1302,large[2700 x=6ae0]
1303,large[2700 x=6b90]
1304,large[2700 x=6c40]
1305,large[2700 x=6cf0]
1306,large[2700 x=6da0]
1307,large[2700 x=6e50]
1308,large[2700 x=6f00]
1309,large[2700 x=6fb0]
1310,large[2700 x=7060]
1311,large[2700 x=7110]
1312,large[2700 x=71c0]
1313,large[2700 x=7270]
1314,large[2700 x=7320]
1315,large[2700 x=73d0]
1316,large[2700 x=7480]
1317,large[2700 x=7530]
1318,large[2700 x=75e0]
1319,large[2700 x=7690]
1320,large[2700 x=7740]
1321,large[2700 x=77f0]
1322,large[2700 x=7770]
1323,large[2700 x=76f0]
1324,large[2700 x=74f0]
1325,large[2700 x=72f0]
1326,large[2700 x=70f0]
1327,large[2700 x=6ef0]
1328,large[2700 x=6cf0]
1329,large[2700 x=6af0]
1330,large[2700 x=68f0]
1331,large[2700 x=66f0]
1332,large[2700 x=64f0]
1333,large[2700 x=62f0]
1334,large[2700 x=60f0]
1335,large[2700 x=5ef0]
1336,large[2700 x=5cf0]
1337,large[2700 x=5af0]
1338,large[2700 x=58f0]
1339,large[2700 x=56f0]
1340,large[2700 x=54f0]
1341,large[2700 x=52f0]
1342,large[2700 x=50f0]
1343,large[2700 x=4ef0]
1344,large[2700 x=4cf0]
1345,large[2700 x=4af0]
1346,large[2700 x=48f0]
1347,large[2700 x=46f0]
1348,large[2700 x=44f0]
1349,large[2700 x=42f0]
1350,large[2700 x=40f0]
1351,large[2700 x=3ef0]
1352,large[2700 x=3cf0]
1353,large[2700 x=3af0]
1354,large[2700 x=38f0]
1355,large[2700 x=36f0]
1356,large[2700 x=34f0]
1357,large[2700 x=32f0]
1358,large[2700 x=30f0]
1359,large[2700 x=2ef0]
1360,large[2700 x=2cf0]
1361,large[2700 x=2af0]
1362,large[2700 x=28f0]
1363,large[2700 x=26f0]
1364,large[2700 x=24f0]
1365,large[2700 x=22f0]
1366,large[2700 x=20f0]
1367,large[2700 x=1ef0]
1368,large[2700 x=1cf0]
1369,large[2700 x=1af0]
1370,large[2700 x=18f0]
1371,large[2700 x=16f0]
1372,large[2700 x=14f0]
1373,large[2700 x=12f0]
1374,large[2700 x=10f0]
1375,large[2700 x=0ef0]
1376,large[2700 x=0cf0]
1377,large[2700 x=0af0]
1378,large[2700 x=08f0] small[2760 x=fd80]
1379,large[2700 x=06f0] small[2760 x=fb80]
1380,large[2700 x=04f0] small[2760 x=f980]
1381,large[2700 x=02f0] small[2760 x=f780]
1382,large[2700 x=00f0] small[2760 x=f580]
1383,small[2760 x=f380]
1384,small[2760 x=f180]
1385,small[2760 x=ef80]
1386,small[2760 x=ed80]
1387,small[2760 x=eb80]
1388,small[2760 x=e980]
1389,small[2760 x=e780]
1390,small[2760 x=e580]
1391,small[2760 x=e380]
1392,small[2760 x=e180]
1393,small[2760 x=df80]
1394,small[2760 x=dd80]
1395,small[2760 x=db80]
1396,small[2760 x=d980]
1397,small[2760 x=d780]
1398,small[2760 x=d580]
1399,small[2760 x=d380]
1400,small[2760 x=d180]
1401,small[2760 x=cf80]
1402,small[2760 x=cd80]
1403,small[2760 x=cb80]
1404,small[2760 x=c980]
1405,small[2760 x=c780]
1406,small[2760 x=c580]
1407,small[2760 x=c380]
1408,small[2760 x=c180]
1409,small[2760 x=bf80]
1410,small[2760 x=bd80]
1411,small[2760 x=bb80]
1412,small[2760 x=b980]
1413,small[2760 x=b780]
1414,small[2760 x=b580]
1415,small[2760 x=b380]
1416,small[2760 x=b180]
1417,small[2760 x=af80]
1418,small[2760 x=ad80]
1419,small[2760 x=ab80]
1420,small[2760 x=a980]
1421,small[2760 x=a780]
1422,small[2760 x=a580]
1423,small[2760 x=a380]
1424,small[2760 x=a180]
1425,small[2760 x=9f80]
1426,small[2760 x=9d80]
1427,small[2760 x=9b80]
1428,small[2760 x=9980]
1429,small[2760 x=9780]
1430,small[2760 x=9580]
1431,small[2760 x=9380]
1432,small[2760 x=9180]
1433,small[2760 x=8f80]
1434,small[2760 x=8d80]
1435,small[2760 x=8b80]
1436,small[2760 x=8980]
1437,small[2760 x=8780]
1438,small[2760 x=8580]
1439,small[2760 x=8380]
1440,small[2760 x=8180]
1441,small[2760 x=7f80]
1442,small[2760 x=7d80]
1443,small[2760 x=7b80]
1444,small[2760 x=7980]
1445,small[2760 x=7780]
1446,small[2760 x=7580]
1447,small[2760 x=7380]
1448,small[2760 x=7180]
1449,small[2760 x=6f80]
1450,small[2760 x=6d80]
1451,small[2760 x=6b80]
1452,small[2760 x=6980]
1453,small[2760 x=6780]
1454,small[2760 x=6580]
1455,small[2760 x=6380]
1456,extra-charlie[26d0 x=fd80] small[2760 x=6180]
1457,extra-charlie[26d0 x=fb80] small[2760 x=5f80]
1458,extra-charlie[26d0 x=f980] small[2760 x=5d80]
1459,extra-charlie[26d0 x=f780] small[2760 x=5b80]
1460,extra-charlie[26d0 x=f580] small[2760 x=5980]
1461,extra-charlie[26d0 x=f380] small[2760 x=5780]
1462,extra-charlie[26d0 x=f180] small[2760 x=5580]
1463,extra-charlie[26d0 x=ef80] small[2760 x=5380]
1464,extra-charlie[26d0 x=ed80] small[2760 x=5180]
1465,extra-charlie[26d0 x=eb80] small[2760 x=4f80]
1466,extra-charlie[26d0 x=e980] small[2760 x=4d80]
1467,extra-charlie[26d0 x=e780] small[2760 x=4b80]
1468,extra-charlie[26d0 x=e580] small[2760 x=4980]
1469,extra-charlie[26d0 x=e380] small[2760 x=4780]
1470,extra-charlie[26d0 x=e180] small[2760 x=4580]
1471,extra-charlie[26d0 x=df80] small[2760 x=4380]
1472,extra-charlie[26d0 x=dd80] small[2760 x=4180]
1473,extra-charlie[26d0 x=db80] small[2760 x=3f80]
1474,extra-charlie[26d0 x=d980] small[2760 x=3d80]
1475,extra-charlie[26d0 x=d780] small[2760 x=3b80]
1476,extra-charlie[26d0 x=d580] small[2760 x=3980]
1477,extra-charlie[26d0 x=d380] small[2760 x=3780]
1478,extra-charlie[26d0 x=d180] small[2760 x=3580]
1479,extra-charlie[26d0 x=cf80] small[2760 x=3380]
1480,extra-charlie[26d0 x=cd80] small[2760 x=3180]
1481,extra-charlie[26d0 x=cb80] small[2760 x=2f80]
1482,extra-charlie[26d0 x=c980] small[2760 x=2d80]
1483,extra-charlie[26d0 x=c780] small[2760 x=2b80]
1484,extra-charlie[26d0 x=c580] small[2760 x=2980]
1485,extra-charlie[26d0 x=c380] small[2760 x=2780]
1486,extra-charlie[26d0 x=c180] small[2760 x=2580]
1487,extra-charlie[26d0 x=bf80] small[2760 x=2380]
1488,extra-charlie[26d0 x=bd80] small[2760 x=2180]
1489,extra-charlie[26d0 x=bb80] small[2760 x=1f80]
1490,extra-charlie[26d0 x=b980] small[2760 x=1d80]
1491,extra-charlie[26d0 x=b780] small[2760 x=1b80]
1492,extra-charlie[26d0 x=b580] small[2760 x=1980]
1493,extra-charlie[26d0 x=b380] small[2760 x=1780]
1494,extra-charlie[26d0 x=b180] small[2760 x=1580]
1495,extra-charlie[26d0 x=af80] small[2760 x=1380]
1496,extra-charlie[26d0 x=ad80] small[2760 x=1180]
1497,extra-charlie[26d0 x=ab80] small[2760 x=0f80]
1498,extra-charlie[26d0 x=a980] small[2760 x=0d80]
1499,extra-charlie[26d0 x=a780] small[2760 x=0b80]
1500,extra-charlie[26d0 x=a580] small[2760 x=0980]
1501,extra-charlie[26d0 x=a380] small[2760 x=0780]
1502,extra-charlie[26d0 x=a180] small[2760 x=0580]
1503,extra-charlie[26d0 x=9f80] small[2760 x=0380]
1504,extra-charlie[26d0 x=9d80] small[2760 x=0180]
1505,extra-charlie[26d0 x=9b80]
1506,extra-charlie[26d0 x=9980]
1507,extra-charlie[26d0 x=9780]
1508,extra-charlie[26d0 x=9580]
1509,extra-charlie[26d0 x=9380]
1510,extra-charlie[26d0 x=9180]
1511,extra-charlie[26d0 x=8f80]
1512,extra-charlie[26d0 x=8d80]
1513,extra-charlie[26d0 x=8b80]
1514,extra-charlie[26d0 x=8980]
1515,extra-charlie[26d0 x=8780]
1516,extra-charlie[26d0 x=8580]
1517,extra-charlie[26d0 x=8380]
1518,extra-charlie[26d0 x=8180]
1519,extra-charlie[26d0 x=7f80]
1520,extra-charlie[26d0 x=7d80]
1521,extra-charlie[26d0 x=7b80]
1522,extra-charlie[26d0 x=7980]
1523,extra-charlie[26d0 x=7780]
1524,extra-charlie[26d0 x=7580]
1525,extra-charlie[26d0 x=7380]
1526,extra-charlie[26d0 x=7180]
1527,extra-charlie[26d0 x=6f80]
1528,extra-charlie[26d0 x=6d80]
1529,extra-charlie[26d0 x=6b80]
1530,extra-charlie[26d0 x=6980]
1531,extra-charlie[26d0 x=6780]
1532,extra-charlie[26d0 x=6580]
1533,extra-charlie[26d0 x=6380]
1534,extra-charlie[26d0 x=6180]
1535,extra-charlie[26d0 x=5f80]
1536,extra-charlie[26d0 x=5d80]
1537,extra-charlie[26d0 x=5b80]
1538,extra-charlie[26d0 x=5980]
1539,extra-charlie[26d0 x=5780]
1540,extra-charlie[26d0 x=5580]
1541,extra-charlie[26d0 x=5380]
1542,extra-charlie[26d0 x=5180]
1543,extra-charlie[26d0 x=4f80]
1544,extra-charlie[26d0 x=4d80]
1545,extra-charlie[26d0 x=4b80]
1546,extra-charlie[26d0 x=4980]
1547,extra-charlie[26d0 x=4780]
1548,extra-charlie[26d0 x=4580]
1549,extra-charlie[26d0 x=4380]
1550,extra-charlie[26d0 x=4180]
1551,extra-charlie[26d0 x=3f80]
1552,extra-charlie[26d0 x=3d80]
1553,extra-charlie[26d0 x=3b80]
1554,extra-charlie[26d0 x=3980]
1555,extra-charlie[26d0 x=3780]
1556,extra-charlie[26d0 x=3580]
1557,extra-charlie[26d0 x=3380]
1558,extra-charlie[26d0 x=3180]
1559,extra-charlie[26d0 x=2f80]
1560,extra-charlie[26d0 x=2d80]
1561,extra-charlie[26d0 x=2b80]
1562,extra-charlie[26d0 x=2980]
1563,extra-charlie[26d0 x=2780]
1564,extra-charlie[26d0 x=2580]
1565,extra-charlie[26d0 x=2380]
1566,extra-charlie[26d0 x=2180]
1567,extra-charlie[26d0 x=1f80]
1568,extra-charlie[26d0 x=1d80]
1569,extra-charlie[26d0 x=1b80]
1570,extra-charlie[26d0 x=1980]
1571,extra-charlie[26d0 x=1780]
1572,extra-charlie[26d0 x=1580]
1573,extra-charlie[26d0 x=1380]
1574,extra-charlie[26d0 x=1180]
1575,extra-charlie[26d0 x=0f80] large[2700 x=fd80]
1576,extra-charlie[26d0 x=0d80] large[2700 x=fb80]
1577,extra-charlie[26d0 x=0b80] large[2700 x=f980]
1578,extra-charlie[26d0 x=0980] large[2700 x=f780]
1579,extra-charlie[26d0 x=0780] large[2700 x=f580]
1580,extra-charlie[26d0 x=0580] large[2700 x=f380]
1581,extra-charlie[26d0 x=0380] large[2700 x=f180]
1582,extra-charlie[26d0 x=0180] large[2700 x=ef80]
1583,large[2700 x=ed80]
1584,large[2700 x=eb80]
1585,large[2700 x=e980]
1586,large[2700 x=e780]
1587,large[2700 x=e580]
1588,large[2700 x=e380]
1589,large[2700 x=e180]
1590,large[2700 x=df80]
1591,large[2700 x=dd80]
1592,large[2700 x=db80]
1593,large[2700 x=d980]
1594,large[2700 x=d780]
1595,large[2700 x=d580]
1596,large[2700 x=d380]
1597,large[2700 x=d180]
1598,large[2700 x=cf80]
1599,large[2700 x=cd80]
1600,large[2700 x=cb80]
1601,large[2700 x=c980]
1602,large[2700 x=c780]
1603,large[2700 x=c580]
1604,large[2700 x=c380]
1605,large[2700 x=c180]
1606,large[2700 x=bf80]
1607,large[2700 x=bd80]
1608,large[2700 x=bb80]
1609,large[2700 x=b980]
1610,large[2700 x=b780]
1611,large[2700 x=b580]
1612,large[2700 x=b380]
1613,large[2700 x=b180]
1614,large[2700 x=af80]
1615,large[2700 x=ad80]
1616,large[2700 x=ab80]
1617,large[2700 x=a980]
1618,large[2700 x=a780]
1619,large[2700 x=a580]
1620,large[2700 x=a380]
1621,large[2700 x=a180]
1622,large[2700 x=9f80]
1623,large[2700 x=9f00]
1624,large[2700 x=9e80]
1625,large[2700 x=9f30]
1626,large[2700 x=9fe0]
1627,large[2700 x=a090]
1628,large[2700 x=a140]
1629,large[2700 x=a1f0]
1630,large[2700 x=a2a0]
1631,large[2700 x=a350]
1632,large[2700 x=a400]
1633,large[2700 x=a4b0]
1634,large[2700 x=a560]
1635,large[2700 x=a610]
1636,large[2700 x=a6c0]
1637,large[2700 x=a770]
1638,large[2700 x=a820]
1639,large[2700 x=a8d0]
1640,large[2700 x=a980]
1641,large[2700 x=aa30]
1642,large[2700 x=aae0]
1643,large[2700 x=ab90]
1644,large[2700 x=ac40]
1645,large[2700 x=abc0]
1646,large[2700 x=ab40]
1647,large[2700 x=aac0]
1648,large[2700 x=a8c0]
1649,large[2700 x=a6c0]
1650,large[2700 x=a4c0]
1651,large[2700 x=a2c0]
1652,large[2700 x=a0c0]
1653,large[2700 x=9ec0]
1654,large[2700 x=9cc0]
1655,large[2700 x=9ac0]
1656,large[2700 x=98c0]
1657,large[2700 x=96c0]
1658,large[2700 x=94c0]
1659,large[2700 x=92c0]
1660,large[2700 x=90c0]
1661,large[2700 x=8ec0]
1662,large[2700 x=8cc0]
1663,large[2700 x=8ac0]
1664,large[2700 x=88c0]
1665,large[2700 x=86c0]
1666,large[2700 x=84c0]
1667,large[2700 x=82c0]
1668,large[2700 x=80c0]
1669,large[2700 x=7ec0]
1670,large[2700 x=7cc0]
1671,large[2700 x=7ac0]
1672,large[2700 x=78c0]
1673,large[2700 x=76c0]
1674,large[2700 x=74c0]
1675,large[2700 x=72c0]
1676,large[2700 x=70c0]
1677,large[2700 x=6ec0]
1678,large[2700 x=6cc0]
1679,large[2700 x=6ac0]
1680,large[2700 x=68c0]
1681,large[2700 x=66c0]
1682,large[2700 x=64c0]
1683,large[2700 x=62c0]
1684,large[2700 x=60c0]
1685,large[2700 x=5ec0]
1686,large[2700 x=5cc0]
1687,large[2700 x=5ac0]
1688,large[2700 x=58c0]
1689,large[2700 x=56c0]
1690,large[2700 x=54c0]
1691,large[2700 x=52c0]
1692,large[2700 x=50c0]
1693,large[2700 x=4ec0]
1694,large[2700 x=4cc0]
1695,large[2700 x=4ac0]
1696,large[2700 x=48c0]
1697,large[2700 x=46c0]
1698,large[2700 x=44c0]
1699,large[2700 x=42c0]
1700,large[2700 x=40c0]
1701,large[2700 x=3ec0]
1702,large[2700 x=3cc0]
1703,large[2700 x=3ac0]
1704,large[2700 x=38c0]
1705,large[2700 x=36c0]
1706,large[2700 x=34c0]
1707,large[2700 x=32c0]
1708,large[2700 x=30c0]
1709,large[2700 x=2ec0]
1710,large[2700 x=2cc0]
1711,large[2700 x=2ac0]
1712,large[2700 x=28c0]
1713,large[2700 x=26c0]
1714,large[2700 x=24c0]
1715,large[2700 x=22c0]
1716,large[26d0 x=fd80] large[2700 x=20c0]
1717,large[26d0 x=fb80] large[2700 x=1ec0]
1718,large[26d0 x=f980] large[2700 x=1cc0]
1719,large[26d0 x=f780] large[2700 x=1ac0]
1720,large[26d0 x=f580] large[2700 x=18c0]
1721,large[26d0 x=f380] large[2700 x=16c0]
1722,large[26d0 x=f180] large[2700 x=14c0]
1723,large[26d0 x=ef80] large[2700 x=12c0]
1724,large[26d0 x=ed80] large[2700 x=10c0]
1725,large[26d0 x=eb80] large[2700 x=0ec0]
1726,large[26d0 x=e980] large[2700 x=0cc0]
1727,large[26d0 x=e780] large[2700 x=0ac0]
1728,large[26d0 x=e580] large[2700 x=08c0]
1729,large[26d0 x=e380] large[2700 x=06c0]
1730,large[26d0 x=e180] large[2700 x=04c0]
1731,large[26d0 x=df80] large[2700 x=02c0]
1732,large[26d0 x=dd80] large[2700 x=00c0]
1733,large[26d0 x=db80]
1734,large[26d0 x=d980]
1735,large[26d0 x=d780]
1736,large[26d0 x=d580]
1737,large[26d0 x=d380]
1738,large[26d0 x=d180]
1739,large[26d0 x=cf80]
1740,large[26d0 x=cd80]
1741,large[26d0 x=cb80]
1742,large[26d0 x=c980]
1743,large[26d0 x=c780]
1744,large[26d0 x=c580]
1745,large[26d0 x=c380]
1746,large[26d0 x=c180]
1747,large[26d0 x=bf80]
1748,large[26d0 x=bd80]
1749,large[26d0 x=bb80]
1750,large[26d0 x=b980]
1751,large[26d0 x=b780]
1752,large[26d0 x=b580]
1753,large[26d0 x=b380]
1754,large[26d0 x=b180]
1755,large[26d0 x=af80]
1756,large[26d0 x=ad80]
1757,large[26d0 x=ab80]
1758,large[26d0 x=a980]
1759,large[26d0 x=a780]
1760,large[26d0 x=a580]
1761,large[26d0 x=a380]
1762,large[26d0 x=a180]
1763,large[26d0 x=9f80]
1764,large[26d0 x=9d80]
1765,large[26d0 x=9b80]
1766,large[26d0 x=9980]
1767,large[26d0 x=9780]
1768,large[26d0 x=9580]
1769,large[26d0 x=9380]
1770,large[26d0 x=9180]
1771,large[26d0 x=8f80]
1772,large[26d0 x=8d80]
1773,large[26d0 x=8b80]
1774,large[26d0 x=8980]
1775,large[26d0 x=8780]
1776,large[26d0 x=8580]
1777,large[26d0 x=8380]
1778,large[26d0 x=8180]
1779,large[26d0 x=7f80]
1780,large[26d0 x=7d80]
1781,large[26d0 x=7b80]
1782,large[26d0 x=7980]
1783,large[26d0 x=7780]
1784,large[26d0 x=7580]
1785,large[26d0 x=7380]
1786,large[26d0 x=7180]
1787,large[26d0 x=6f80]
1788,large[26d0 x=7030]
1789,large[26d0 x=70e0]
1790,large[26d0 x=7190]
1791,large[26d0 x=7240]
1792,large[26d0 x=72f0]
1793,large[26d0 x=73a0]
1794,large[26d0 x=7450]
1795,large[26d0 x=7500]
1796,large[26d0 x=75b0]
1797,large[26d0 x=7530]
1798,large[26d0 x=74b0]
1799,large[26d0 x=7430]
1800,large[26d0 x=73b0]
1801,large[26d0 x=7330]
1802,large[26d0 x=72b0]
1803,large[26d0 x=7230]
1804,large[26d0 x=71b0]
1805,large[26d0 x=7130]
1806,large[26d0 x=70b0]
1807,large[26d0 x=7030]
1808,large[26d0 x=6fb0]
1809,large[26d0 x=6f30]
1810,large[26d0 x=6eb0]
1811,large[26d0 x=6e30]
1812,large[26d0 x=6db0]
1813,large[26d0 x=6d30]
1814,large[26d0 x=6cb0]
1815,large[26d0 x=6c30]
1816,large[26d0 x=6bb0]
1817,large[26d0 x=6b30]
1818,large[26d0 x=6be0]
1819,large[26d0 x=6c90]
1820,large[26d0 x=6d40]
1821,large[26d0 x=6df0]
1822,large[26d0 x=6ea0]
1823,large[26d0 x=6f50]
1824,large[26d0 x=7000]
1825,large[26d0 x=70b0]
1826,large[26d0 x=7160]
1827,large[26d0 x=7210]
1828,large[26d0 x=72c0]
1829,large[26d0 x=7370]
1830,large[26d0 x=7420]
1831,large[26d0 x=74d0]
1832,large[26d0 x=7580]
1833,large[26d0 x=7630]
1834,large[26d0 x=76e0]
1835,large[26d0 x=7790]
1836,large[26d0 x=7840]
1837,large[26d0 x=78f0]
1838,large[26d0 x=79a0]
1839,large[26d0 x=7a50]
1840,large[26d0 x=7b00]
1841,large[26d0 x=7bb0]
1842,large[26d0 x=7c60]
1843,large[26d0 x=7d10]
1844,large[26d0 x=7dc0]
1845,large[26d0 x=7e70]
1846,large[26d0 x=7f20]
1847,large[26d0 x=7fd0]
1848,large[26d0 x=8080]
1849,large[26d0 x=8130]
1850,large[26d0 x=81e0]
1851,large[26d0 x=8290]
1852,large[26d0 x=8340]
1853,large[26d0 x=83f0]
1854,large[26d0 x=84a0]
1855,large[26d0 x=8550]
1856,large[26d0 x=8600]
1857,large[26d0 x=86b0]
1858,large[26d0 x=8760]
1859,large[26d0 x=8810]
1860,large[26d0 x=88c0]
1861,large[26d0 x=8970]
1862,large[26d0 x=8a20]
1863,large[26d0 x=8ad0]
1864,large[26d0 x=8b80]
1865,large[26d0 x=8c30]
1866,large[26d0 x=8ce0]
1867,large[26d0 x=8d90]
1868,large[26d0 x=8e40]
1869,large[26d0 x=8ef0]
1870,large[26d0 x=8fa0]
1871,large[26d0 x=9050]
1872,large[26d0 x=9100]
1873,large[26d0 x=91b0]
1874,large[26d0 x=9260]
1875,large[26d0 x=9310]
1876,large[26d0 x=93c0]
1877,large[26d0 x=9470]
1878,large[26d0 x=9520]
1879,large[26d0 x=95d0]
1880,large[26d0 x=9680]
1881,large[26d0 x=9730]
1882,large[26d0 x=97e0]
1883,large[26d0 x=9890]
1884,large[26d0 x=9940]
1885,large[26d0 x=99f0]
1886,large[26d0 x=9aa0]
1887,large[26d0 x=9b50]
1888,large[26d0 x=9c00]
1889,large[26d0 x=9cb0]
1890,large[26d0 x=9d60]
1891,large[26d0 x=9e10]
1892,large[26d0 x=9ec0]
1893,large[26d0 x=9f70]
1894,large[26d0 x=a020]
1895,large[26d0 x=a0d0]
1896,large[26d0 x=a180]
1897,large[26d0 x=a100]
1898,large[26d0 x=a080]
1899,large[26d0 x=9e80]
1900,large[26d0 x=9c80]
1901,large[26d0 x=9a80]
1902,large[26d0 x=9880]
1903,large[26d0 x=9680]
1904,large[26d0 x=9480]
1905,large[26d0 x=9280]
1906,large[26d0 x=9080]
1907,large[26d0 x=8e80]
1908,large[26d0 x=8c80]
1909,large[26d0 x=8a80]
1910,large[26d0 x=8880]
1911,large[26d0 x=8680]
1912,large[26d0 x=8480]
1913,large[26d0 x=8280]
1914,large[26d0 x=8080]
1915,large[26d0 x=7e80]
1916,large[26d0 x=7c80]
1917,large[26d0 x=7a80]
1918,large[26d0 x=7880]
1919,large[26d0 x=7680]
1920,large[26d0 x=7480]
1921,large[26d0 x=7280]
1922,large[26d0 x=7080]
1923,large[26d0 x=6e80]
1924,large[26d0 x=6c80]
1925,large[26d0 x=6a80]
1926,large[26d0 x=6880]
1927,large[26d0 x=6680]
1928,large[26d0 x=6480]
1929,large[26d0 x=6280]
1930,large[26d0 x=6080]
1931,large[26d0 x=5e80]
1932,large[26d0 x=5c80]
1933,large[26d0 x=5a80]
1934,large[26d0 x=5880]
1935,large[26d0 x=5680]
1936,large[26d0 x=5480]
1937,large[26d0 x=5280]
1938,large[26d0 x=5080]
1939,large[26d0 x=4e80]
1940,large[26d0 x=4c80]
1941,large[26d0 x=4a80]
1942,large[26d0 x=4880]
1943,large[26d0 x=4680]
1944,large[26d0 x=4480]
1945,large[26d0 x=4280]
1946,large[26d0 x=4080]
1947,large[26d0 x=3e80]
1948,large[26d0 x=3c80]
1949,large[26d0 x=3a80]
1950,large[26d0 x=3880]
1951,large[26d0 x=3680]
1952,large[26d0 x=3480]
1953,large[26d0 x=3280]
1954,large[26d0 x=3080]
1955,large[26d0 x=2e80]
1956,large[26d0 x=2c80]
1957,large[26d0 x=2a80]
1958,large[26d0 x=2880]
1959,large[26d0 x=2680]
1960,large[26d0 x=2480]
1961,large[26d0 x=2280]
1962,large[26d0 x=2080]
1963,large[26d0 x=1e80]
1964,large[26d0 x=1c80]
1965,large[26d0 x=1a80]
1966,large[26d0 x=1880] small[2760 x=fd80]
1967,large[26d0 x=1680] small[2760 x=fb80]
1968,large[26d0 x=1480] small[2760 x=f980]
1969,large[26d0 x=1280] small[2760 x=f780]
1970,large[26d0 x=1080] small[2760 x=f580]
1971,large[26d0 x=0e80] small[2760 x=f380]
1972,large[26d0 x=0c80] small[2760 x=f180]
1973,large[26d0 x=0a80] small[2760 x=ef80]
1974,large[26d0 x=0880] small[2760 x=ed80]
1975,large[26d0 x=0680] small[2760 x=eb80]
1976,large[26d0 x=0480] small[2760 x=e980]
1977,large[26d0 x=0280] small[2760 x=e780]
1978,large[26d0 x=0080] small[2760 x=e580]
1979,small[2760 x=e380]
1980,small[2760 x=e180]
1981,small[2760 x=df80]
1982,small[2760 x=dd80]
1983,small[2760 x=db80]
1984,small[2760 x=d980]
1985,small[2760 x=d780]
1986,small[2760 x=d580]
1987,small[2760 x=d380]
1988,small[2760 x=d180]
1989,small[2760 x=cf80]
1990,small[2760 x=cd80]
1991,small[2760 x=cb80]
1992,small[2760 x=c980]
1993,small[2760 x=c780]
1994,small[2760 x=c580]
1995,small[2760 x=c380]
1996,small[2760 x=c180]
1997,small[2760 x=bf80]
1998,small[2760 x=bd80]
1999,small[2760 x=bb80]
2000,small[2760 x=b980]
2001,small[2760 x=b780]
2002,small[2760 x=b580]
2003,small[2760 x=b380]
2004,small[2760 x=b180]
2005,small[2760 x=af80]
2006,small[2760 x=ad80]
2007,small[2760 x=ab80]
2008,small[2760 x=a980]
2009,small[2760 x=a780]
2010,small[2760 x=a580]
2011,small[2760 x=a380]
2012,small[2760 x=a180]
2013,small[2760 x=9f80]
2014,small[2760 x=9d80]
2015,small[2760 x=9b80]
2016,small[2760 x=9980]
2017,small[2760 x=9780]
2018,small[2760 x=9580]
2019,small[2760 x=9380]
2020,small[2760 x=9180]
2021,small[2760 x=8f80]
2022,small[2760 x=8d80]
2023,small[2760 x=8b80]
2024,small[2760 x=8980]
2025,small[2760 x=8780]
2026,small[2760 x=8580]
2027,small[2760 x=8380]
2028,small[2760 x=8180]
2029,small[2760 x=7f80]
2030,small[2760 x=7d80]
2031,small[2760 x=7b80]
2032,small[2760 x=7980]
2033,small[2760 x=7900]
2034,small[2760 x=7880]
2035,small[2760 x=7800]
2036,small[2760 x=78b0]
2037,small[2760 x=7960]
2038,small[2760 x=7a10]
2039,small[2760 x=7ac0]
2040,small[2760 x=7b70]
2041,small[2760 x=7c20]
2042,small[2760 x=7cd0]
2043,small[2760 x=7d80]
2044,small[2760 x=7e30]
2045,small[2760 x=7ee0]
2046,small[2760 x=7f90]
2047,small[2760 x=8040]
2048,small[2760 x=80f0]
2049,small[2760 x=81a0]
2050,small[2760 x=8250]
2051,small[2760 x=8300]
2052,small[2760 x=83b0]
2053,small[2760 x=8460]
2054,small[2760 x=8510]
2055,small[2760 x=85c0]
2056,small[2760 x=8670]
2057,small[2760 x=8720]
2058,small[2760 x=87d0]
2059,small[2760 x=8880]
2060,small[2760 x=8800]
2061,small[2760 x=8780]
2062,small[2760 x=8700]
2063,small[2760 x=8680]
2064,small[2760 x=8480]
2065,small[2760 x=8280]
2066,small[2760 x=8080]
2067,small[2760 x=7e80]
2068,small[2760 x=7c80]
2069,small[2760 x=7a80]
2070,small[2760 x=7880]
2071,small[2760 x=7680]
2072,small[2760 x=7480]
2073,small[2760 x=7280]
2074,small[2760 x=7080]
2075,small[2760 x=6e80]
2076,small[2760 x=6c80]
2077,small[2760 x=6a80]
2078,small[2760 x=6880]
2079,small[2760 x=6680]
2080,small[2760 x=6480]
2081,small[2760 x=6280]
2082,small[2760 x=6080]
2083,small[2760 x=5e80]
2084,small[2760 x=5c80]
2085,small[2760 x=5a80]
2086,small[2760 x=5880]
2087,small[2760 x=5680]
2088,small[2760 x=5480]
2089,small[2760 x=5280]
2090,small[2760 x=5080]
2091,small[2760 x=4e80]
2092,small[2760 x=4c80]
2093,small[2760 x=4a80]
2094,small[2760 x=4880]
2095,small[2760 x=4680]
2096,small[2760 x=4480]
2097,small[2760 x=4280]
2098,small[2760 x=4080]
2099,small[2760 x=3e80]
2100,small[2760 x=3c80]
2101,small[2760 x=3a80]
2102,small[2760 x=3880]
2103,small[2760 x=3680]
2104,small[2760 x=3480]
2105,small[2760 x=3280]
2106,small[2760 x=3080]
2107,small[2760 x=2e80]
2108,small[2760 x=2c80]
2109,small[2760 x=2a80]
2110,small[2760 x=2880]
2111,small[2760 x=2680]
2112,small[2760 x=2480]
2113,small[2760 x=2280]
2114,small[2760 x=2080]
2115,small[2760 x=1e80]
2116,small[2760 x=1c80]
2117,small[2760 x=1a80]
2118,small[2760 x=1880]
2119,large[26d0 x=fd80] small[2760 x=1680]
2120,large[26d0 x=fb80] small[2760 x=1480]
2121,large[26d0 x=f980] small[2760 x=1280]
2122,large[26d0 x=f780] small[2760 x=1080]
2123,large[26d0 x=f580] small[2760 x=0e80]
2124,large[26d0 x=f380] small[2760 x=0c80]
2125,large[26d0 x=f180] small[2760 x=0a80]
2126,large[26d0 x=ef80] small[2760 x=0880]
2127,large[26d0 x=ed80] small[2760 x=0680]
2128,large[26d0 x=eb80] small[2760 x=0480]
2129,large[26d0 x=e980] small[2760 x=0280]
2130,large[26d0 x=e780] small[2760 x=0080]
2131,large[26d0 x=e580]
2132,large[26d0 x=e380]
2133,large[26d0 x=e180] large[2700 x=fd80]
2134,large[26d0 x=df80] large[2700 x=fb80]
2135,large[26d0 x=dd80] large[2700 x=f980]
2136,large[26d0 x=db80] large[2700 x=f780]
2137,large[26d0 x=d980] large[2700 x=f580]
2138,large[26d0 x=d780] large[2700 x=f380]
2139,large[26d0 x=d580] large[2700 x=f180]
2140,large[26d0 x=d380] large[2700 x=ef80]
2141,large[26d0 x=d180] large[2700 x=ed80]
2142,large[26d0 x=cf80] large[2700 x=eb80]
2143,large[26d0 x=cd80] large[2700 x=e980]
2144,large[26d0 x=cb80] large[2700 x=e780]
2145,large[26d0 x=c980] large[2700 x=e580]
2146,large[26d0 x=c780] large[2700 x=e380]
2147,large[26d0 x=c580] large[2700 x=e180]
2148,large[26d0 x=c380] large[2700 x=df80]
2149,large[26d0 x=c180] large[2700 x=dd80]
2150,large[26d0 x=bf80] large[2700 x=db80]
2151,large[26d0 x=bd80] large[2700 x=d980]
2152,large[26d0 x=bb80] large[2700 x=d780]
2153,large[26d0 x=b980] large[2700 x=d580]
2154,large[26d0 x=b780] large[2700 x=d380]
2155,large[26d0 x=b580] large[2700 x=d180]
2156,large[26d0 x=b380] large[2700 x=cf80]
2157,large[26d0 x=b180] large[2700 x=cd80]
2158,large[26d0 x=af80] large[2700 x=cb80]
2159,large[26d0 x=ad80] large[2700 x=c980]
2160,large[26d0 x=ab80] large[2700 x=c780]
2161,large[26d0 x=a980] large[2700 x=c580]
2162,large[26d0 x=a780] large[2700 x=c380]
2163,large[26d0 x=a580] large[2700 x=c180]
2164,large[26d0 x=a380] large[2700 x=bf80]
2165,large[26d0 x=a180] large[2700 x=bd80]
2166,large[26d0 x=9f80] large[2700 x=bb80]
2167,large[26d0 x=9d80] large[2700 x=b980]
2168,large[26d0 x=9b80] large[2700 x=b780]
2169,large[26d0 x=9980] large[2700 x=b580]
2170,large[26d0 x=9780] large[2700 x=b380]
2171,large[26d0 x=9580] large[2700 x=b180]
2172,large[26d0 x=9380] large[2700 x=af80]
2173,large[26d0 x=9180] large[2700 x=ad80]
2174,large[26d0 x=8f80] large[2700 x=ab80]
2175,large[26d0 x=8d80] large[2700 x=a980]
2176,large[26d0 x=8d00] large[2700 x=a900]
2177,large[26d0 x=8c80] large[2700 x=a880]
2178,large[26d0 x=8c00] large[2700 x=a800]
2179,large[26d0 x=8b80] large[2700 x=a780]
2180,large[26d0 x=8b00] large[2700 x=a700]
2181,large[26d0 x=8a80] large[2700 x=a680]
2182,large[26d0 x=8a00] large[2700 x=a600]
2183,large[26d0 x=8980] large[2700 x=a580]
2184,large[26d0 x=8900] large[2700 x=a500]
2185,large[26d0 x=8880] large[2700 x=a480]
2186,large[26d0 x=8800] large[2700 x=a400]
2187,large[26d0 x=8780] large[2700 x=a380]
2188,large[26d0 x=8700] large[2700 x=a300]
2189,large[26d0 x=8680] large[2700 x=a280]
2190,large[26d0 x=8600] large[2700 x=a200]
2191,large[26d0 x=8580] large[2700 x=a180]
2192,large[26d0 x=8500] large[2700 x=a100]
2193,large[26d0 x=8480] large[2700 x=a080]
2194,large[26d0 x=8400] large[2700 x=a000]
2195,large[26d0 x=8380] large[2700 x=9f80]
2196,large[26d0 x=8300] large[2700 x=9f00]
2197,large[26d0 x=8280] large[2700 x=9e80]
2198,large[26d0 x=8200] large[2700 x=9e00]
2199,large[26d0 x=8180] large[2700 x=9d80]
2200,large[26d0 x=8100] large[2700 x=9d00]
2201,large[26d0 x=8080] large[2700 x=9c80]
2202,large[26d0 x=8000] large[2700 x=9c00]
2203,large[26d0 x=7f80] large[2700 x=9b80]
2204,large[26d0 x=7f00] large[2700 x=9b00]
2205,large[26d0 x=7e80] large[2700 x=9a80]
2206,large[26d0 x=7e00] large[2700 x=9a00]
2207,large[26d0 x=7d80] large[2700 x=9980]
2208,large[26d0 x=7d00] large[2700 x=9900]
2209,large[26d0 x=7c80] large[2700 x=9880]
2210,large[26d0 x=7c00] large[2700 x=9800]
2211,large[26d0 x=7b80] large[2700 x=9780]
2212,large[26d0 x=7b00] large[2700 x=9700]
2213,large[26d0 x=7a80] large[2700 x=9680]
2214,large[26d0 x=7a00] large[2700 x=9600]
2215,large[26d0 x=7980] large[2700 x=9580]
2216,large[26d0 x=7900] large[2700 x=9500]
2217,large[26d0 x=7880] large[2700 x=9480]
2218,large[26d0 x=7800] large[2700 x=9400]
2219,large[26d0 x=7780] large[2700 x=9380]
2220,large[26d0 x=7700] large[2700 x=9300]
2221,large[26d0 x=7680] large[2700 x=9280]
2222,large[26d0 x=7600] large[2700 x=9200]
2223,large[26d0 x=7580] large[2700 x=9180]
2224,large[26d0 x=7500] large[2700 x=9100]
2225,large[26d0 x=7480] large[2700 x=9080]
2226,large[26d0 x=7400] large[2700 x=9000]
2227,large[26d0 x=7380] large[2700 x=8f80]
2228,large[26d0 x=7300] large[2700 x=8f00]
2229,large[26d0 x=7280] large[2700 x=8e80]
2230,large[26d0 x=7200] large[2700 x=8e00]
2231,large[26d0 x=7180] large[2700 x=8d80]
2232,large[26d0 x=7100] large[2700 x=8d00]
2233,large[26d0 x=7080] large[2700 x=8c80]
2234,large[26d0 x=7000] large[2700 x=8c00]
2235,large[26d0 x=70b0] large[2700 x=8cb0]
2236,large[26d0 x=7160] large[2700 x=8d60]
2237,large[26d0 x=7210] large[2700 x=8e10]
2238,large[26d0 x=72c0] large[2700 x=8ec0]
2239,large[26d0 x=7370] large[2700 x=8f70]
2240,large[26d0 x=7420] large[2700 x=9020]
2241,large[26d0 x=74d0] large[2700 x=90d0]
2242,large[26d0 x=7580] large[2700 x=9180]
2243,large[26d0 x=7630] large[2700 x=9230]
2244,large[26d0 x=76e0] large[2700 x=92e0]
2245,large[26d0 x=7790] large[2700 x=9390]
2246,large[26d0 x=7840] large[2700 x=9440]
2247,large[26d0 x=78f0] large[2700 x=94f0]
2248,large[26d0 x=79a0] large[2700 x=95a0]
2249,large[26d0 x=7a50] large[2700 x=9650]
2250,large[26d0 x=7b00] large[2700 x=9700]
2251,large[26d0 x=7bb0] large[2700 x=97b0]
2252,large[26d0 x=7c60] large[2700 x=9860]
2253,large[26d0 x=7d10] large[2700 x=9910]
2254,large[26d0 x=7dc0] large[2700 x=99c0]
2255,large[26d0 x=7e70] large[2700 x=9a70]
2256,large[26d0 x=7f20] large[2700 x=9b20]
2257,large[26d0 x=7fd0] large[2700 x=9bd0]
2258,large[26d0 x=8080] large[2700 x=9c80]
2259,large[26d0 x=8130] large[2700 x=9d30]
2260,large[26d0 x=81e0] large[2700 x=9de0]
2261,large[26d0 x=8290] large[2700 x=9e90]
2262,large[26d0 x=8340] large[2700 x=9f40]
2263,large[26d0 x=83f0] large[2700 x=9ff0]
2264,large[26d0 x=84a0] large[2700 x=a0a0]
2265,large[26d0 x=8550] large[2700 x=a150]
2266,large[26d0 x=8600] large[2700 x=a200]
2267,large[26d0 x=86b0] large[2700 x=a2b0]
2268,large[26d0 x=8760] large[2700 x=a360]
2269,large[26d0 x=8810] large[2700 x=a410]
2270,large[26d0 x=88c0] large[2700 x=a4c0]
2271,large[26d0 x=8970] large[2700 x=a570]
2272,large[26d0 x=8a20] large[2700 x=a620]
2273,large[26d0 x=8ad0] large[2700 x=a6d0]
2274,large[26d0 x=8b80] large[2700 x=a780]
2275,large[26d0 x=8c30] large[2700 x=a830]
2276,large[26d0 x=8ce0] large[2700 x=a8e0]
2277,large[26d0 x=8d90] large[2700 x=a990]
2278,large[26d0 x=8e40] large[2700 x=aa40]
2279,large[26d0 x=8ef0] large[2700 x=aaf0]
2280,large[26d0 x=8fa0] large[2700 x=aba0]
2281,large[26d0 x=9050] large[2700 x=ac50]
2282,large[26d0 x=9100] large[2700 x=ad00]
2283,large[26d0 x=91b0] large[2700 x=adb0]
2284,large[26d0 x=9260] large[2700 x=ae60]
2285,large[26d0 x=9310] large[2700 x=af10]
2286,large[26d0 x=93c0] large[2700 x=afc0]
2287,large[26d0 x=9470] large[2700 x=b070]
2288,large[26d0 x=9520] large[2700 x=b120]
2289,large[26d0 x=95d0] large[2700 x=b1d0]
2290,large[26d0 x=9680] large[2700 x=b280]
2291,large[26d0 x=9730] large[2700 x=b330]
2292,large[26d0 x=97e0] large[2700 x=b3e0]
2293,large[26d0 x=9890] large[2700 x=b490]
2294,large[26d0 x=9940] large[2700 x=b540]
2295,large[26d0 x=99f0] large[2700 x=b5f0]
2296,large[26d0 x=9aa0] large[2700 x=b6a0]
2297,large[26d0 x=9b50] large[2700 x=b750]
2298,large[26d0 x=9c00] large[2700 x=b800]
2299,large[26d0 x=9cb0] large[2700 x=b8b0]
2300,large[26d0 x=9d60] large[2700 x=b960]
2301,large[26d0 x=9e10] large[2700 x=ba10]
2302,large[26d0 x=9ec0] large[2700 x=bac0]
2303,large[26d0 x=9f70] large[2700 x=bb70]
2304,large[26d0 x=a020] large[2700 x=bc20]
2305,large[26d0 x=a0d0] large[2700 x=bcd0]
2306,large[26d0 x=a180] large[2700 x=bd80]
2307,large[26d0 x=a230] large[2700 x=be30]
2308,large[26d0 x=a2e0] large[2700 x=bee0]
2309,large[26d0 x=a390] large[2700 x=bf90]
2310,large[26d0 x=a440] large[2700 x=c040]
2311,large[26d0 x=a4f0] large[2700 x=c0f0]
2312,large[26d0 x=a5a0] large[2700 x=c1a0]
2313,large[26d0 x=a650] large[2700 x=c250]
2314,large[26d0 x=a700] large[2700 x=c300]
2315,large[26d0 x=a7b0] large[2700 x=c3b0]
2316,large[26d0 x=a860] large[2700 x=c460]
2317,large[26d0 x=a910] large[2700 x=c510]
2318,large[26d0 x=a9c0] large[2700 x=c5c0]
2319,large[26d0 x=aa70] large[2700 x=c670]
2320,large[26d0 x=ab20] large[2700 x=c720]
2321,large[26d0 x=abd0] large[2700 x=c7d0]
2322,large[26d0 x=ac80] large[2700 x=c880]
2323,large[26d0 x=ad30] large[2700 x=c930]
2324,large[26d0 x=ade0] large[2700 x=c9e0]
2325,large[26d0 x=ae90] large[2700 x=ca90]
2326,large[26d0 x=af40] large[2700 x=cb40]
2327,large[26d0 x=aff0] large[2700 x=cbf0]
2328,large[26d0 x=b0a0] large[2700 x=cca0]
2329,large[26d0 x=b150] large[2700 x=cd50]
2330,large[26d0 x=b200] large[2700 x=ce00]
2331,large[26d0 x=b2b0] large[2700 x=ceb0]
2332,large[26d0 x=b360] large[2700 x=cf60]
2333,large[26d0 x=b410] large[2700 x=d010]
2334,large[26d0 x=b4c0] large[2700 x=d0c0]
2335,large[26d0 x=b570] large[2700 x=d170]
2336,large[26d0 x=b620] large[2700 x=d220]
2337,large[26d0 x=b6d0] large[2700 x=d2d0]
2338,large[26d0 x=b780] large[2700 x=d380]
2339,large[26d0 x=b830] large[2700 x=d430]
2340,large[26d0 x=b8e0] large[2700 x=d4e0]
2341,large[26d0 x=b990] large[2700 x=d590]
2342,large[26d0 x=ba40] large[2700 x=d640]
2343,large[26d0 x=baf0] large[2700 x=d6f0]
2344,large[26d0 x=bba0] large[2700 x=d7a0]
2345,large[26d0 x=bc50] large[2700 x=d850]
2346,large[26d0 x=bd00] large[2700 x=d900]
2347,large[26d0 x=bdb0] large[2700 x=d9b0]
2348,large[26d0 x=be60] large[2700 x=da60]
2349,large[26d0 x=bf10] large[2700 x=db10]
2350,large[26d0 x=bfc0] large[2700 x=dbc0]
2351,large[26d0 x=c070] large[2700 x=dc70]
2352,large[26d0 x=c120] large[2700 x=dd20]
2353,large[26d0 x=c1d0] large[2700 x=ddd0]
2354,large[26d0 x=c280] large[2700 x=de80]
2355,large[26d0 x=c330] large[2700 x=df30]
2356,large[26d0 x=c3e0] large[2700 x=dfe0]
2357,large[26d0 x=c490] large[2700 x=e090]
2358,large[26d0 x=c540] large[2700 x=e140]
2359,large[26d0 x=c5f0] large[2700 x=e1f0]
2360,large[26d0 x=c6a0] large[2700 x=e2a0]
2361,large[26d0 x=c750] large[2700 x=e350]
2362,large[26d0 x=c800] large[2700 x=e400]
2363,large[26d0 x=c8b0] large[2700 x=e4b0]
2364,large[26d0 x=c830] large[2700 x=e430]
2365,large[26d0 x=c7b0] large[2700 x=e3b0]
2366,large[26d0 x=c730] large[2700 x=e330]
2367,large[26d0 x=c6b0] large[2700 x=e2b0]
2368,large[26d0 x=c4b0] large[2700 x=e0b0]
2369,large[26d0 x=c2b0] large[2700 x=deb0]
2370,large[26d0 x=c0b0] large[2700 x=dcb0]
2371,large[26d0 x=beb0] large[2700 x=dab0]
2372,large[26d0 x=bcb0] large[2700 x=d8b0]
2373,large[26d0 x=bab0] large[2700 x=d6b0]
2374,large[26d0 x=b8b0] large[2700 x=d4b0]
2375,large[26d0 x=b6b0] large[2700 x=d2b0]
2376,large[26d0 x=b4b0] large[2700 x=d0b0]
2377,large[26d0 x=b2b0] large[2700 x=ceb0]
2378,large[26d0 x=b0b0] large[2700 x=ccb0]
2379,large[26d0 x=aeb0] large[2700 x=cab0]
2380,large[26d0 x=acb0] large[2700 x=c8b0]
2381,large[26d0 x=aab0] large[2700 x=c6b0]
2382,large[26d0 x=a8b0] large[2700 x=c4b0]
2383,large[26d0 x=a6b0] large[2700 x=c2b0]
2384,large[26d0 x=a4b0] large[2700 x=c0b0]
2385,large[26d0 x=a2b0] large[2700 x=beb0]
2386,large[26d0 x=a0b0] large[2700 x=bcb0]
2387,large[26d0 x=9eb0] large[2700 x=bab0]
2388,large[26d0 x=9cb0] large[2700 x=b8b0]
2389,large[26d0 x=9ab0] large[2700 x=b6b0]
2390,large[26d0 x=98b0] large[2700 x=b4b0]
2391,large[26d0 x=96b0] large[2700 x=b2b0]
2392,large[26d0 x=94b0] large[2700 x=b0b0]
2393,large[26d0 x=92b0] large[2700 x=aeb0]
2394,large[26d0 x=90b0] large[2700 x=acb0]
2395,large[26d0 x=8eb0] large[2700 x=aab0]
2396,large[26d0 x=8e30] large[2700 x=aa30]
2397,large[26d0 x=8db0] large[2700 x=a9b0]
2398,large[26d0 x=8d30] large[2700 x=a930]
2399,large[26d0 x=8cb0] large[2700 x=a8b0]
2400,large[26d0 x=8c30] large[2700 x=a830]
2401,large[26d0 x=8bb0] large[2700 x=a7b0]
2402,large[26d0 x=8b30] large[2700 x=a730]
2403,large[26d0 x=8ab0] large[2700 x=a6b0]
2404,large[26d0 x=8a30] large[2700 x=a630]
2405,large[26d0 x=89b0] large[2700 x=a5b0]
2406,large[26d0 x=8930] large[2700 x=a530]
2407,large[26d0 x=88b0] large[2700 x=a4b0]
2408,large[26d0 x=8830] large[2700 x=a430]
2409,large[26d0 x=87b0] large[2700 x=a3b0]
2410,large[26d0 x=8730] large[2700 x=a330]
2411,large[26d0 x=87e0] large[2700 x=a3e0]
2412,large[26d0 x=8890] large[2700 x=a490]
2413,large[26d0 x=8940] large[2700 x=a540]
2414,large[26d0 x=89f0] large[2700 x=a5f0]
2415,large[26d0 x=8aa0] large[2700 x=a6a0]
2416,large[26d0 x=8b50] large[2700 x=a750]
2417,large[26d0 x=8c00] large[2700 x=a800]
2418,large[26d0 x=8cb0] large[2700 x=a8b0]
2419,large[26d0 x=8d60] large[2700 x=a960]
2420,large[26d0 x=8ce0] large[2700 x=a8e0]
2421,large[26d0 x=8c60] large[2700 x=a860]
2422,large[26d0 x=8be0] large[2700 x=a7e0]
2423,large[26d0 x=8b60] large[2700 x=a760]
2424,large[26d0 x=8960] large[2700 x=a560]
2425,large[26d0 x=8760] large[2700 x=a360]
2426,large[26d0 x=8560] large[2700 x=a160]
2427,large[26d0 x=8360] large[2700 x=9f60]
2428,large[26d0 x=8160] large[2700 x=9d60]
2429,large[26d0 x=7f60] large[2700 x=9b60]
2430,large[26d0 x=7d60] large[2700 x=9960]
2431,large[26d0 x=7b60] large[2700 x=9760]
2432,large[26d0 x=7960] large[2700 x=9560]
2433,large[26d0 x=7760] large[2700 x=9360]
2434,large[26d0 x=7560] large[2700 x=9160]
2435,large[26d0 x=7360] large[2700 x=8f60]
2436,large[26d0 x=7160] large[2700 x=8d60]
2437,large[26d0 x=6f60] large[2700 x=8b60]
2438,large[26d0 x=6d60] large[2700 x=8960]
2439,large[26d0 x=6b60] large[2700 x=8760]
2440,large[26d0 x=6960] large[2700 x=8560]
2441,large[26d0 x=6760] large[2700 x=8360]
2442,large[26d0 x=6560] large[2700 x=8160]
2443,large[26d0 x=6360] large[2700 x=7f60]
2444,large[26d0 x=6160] large[2700 x=7d60]
2445,large[26d0 x=5f60] large[2700 x=7b60]
2446,large[26d0 x=5d60] large[2700 x=7960]
2447,large[26d0 x=5b60] large[2700 x=7760]
2448,large[26d0 x=5960] large[2700 x=7560]
2449,large[26d0 x=5760] large[2700 x=7360]
2450,large[26d0 x=5560] large[2700 x=7160]
2451,large[26d0 x=5360] large[2700 x=6f60]
2452,large[26d0 x=5160] large[2700 x=6d60]
2453,large[26d0 x=4f60] large[2700 x=6b60]
2454,large[26d0 x=4d60] large[2700 x=6960]
2455,large[26d0 x=4b60] large[2700 x=6760]
2456,large[26d0 x=4960] large[2700 x=6560]
2457,large[26d0 x=4760] large[2700 x=6360]
2458,large[26d0 x=4560] large[2700 x=6160]
2459,large[26d0 x=4360] large[2700 x=5f60]
2460,large[26d0 x=4160] large[2700 x=5d60]
2461,large[26d0 x=3f60] large[2700 x=5b60]
2462,large[26d0 x=3d60] large[2700 x=5960]
2463,large[26d0 x=3b60] large[2700 x=5760]
2464,large[26d0 x=3960] large[2700 x=5560]
2465,large[26d0 x=3760] large[2700 x=5360]
2466,large[26d0 x=3560] large[2700 x=5160]
2467,large[26d0 x=3360] large[2700 x=4f60]
2468,large[26d0 x=3160] large[2700 x=4d60]
2469,large[26d0 x=2f60] large[2700 x=4b60]
2470,large[26d0 x=2d60] large[2700 x=4960]
2471,large[26d0 x=2b60] large[2700 x=4760]
2472,large[26d0 x=2960] large[2700 x=4560]
2473,large[26d0 x=2760] large[2700 x=4360]
2474,large[26d0 x=2560] large[2700 x=4160]
2475,large[26d0 x=2360] large[2700 x=3f60]
2476,large[26d0 x=2160] large[2700 x=3d60]
2477,large[26d0 x=1f60] large[2700 x=3b60]
2478,large[26d0 x=1d60] large[2700 x=3960]
2479,large[26d0 x=1b60] large[2700 x=3760]
2480,large[26d0 x=1960] large[2700 x=3560]
2481,large[26d0 x=1760] large[2700 x=3360]
2482,large[26d0 x=1560] large[2700 x=3160]
2483,large[26d0 x=1360] large[2700 x=2f60]
2484,large[26d0 x=1160] large[2700 x=2d60]
2485,large[26d0 x=0f60] large[2700 x=2b60]
2486,large[26d0 x=0d60] large[2700 x=2960]
2487,large[26d0 x=0b60] large[2700 x=2760]
2488,large[26d0 x=0960] large[2700 x=2560]
2489,large[26d0 x=0760] large[2700 x=2360]
2490,large[26d0 x=0560] large[2700 x=2160]
2491,large[26d0 x=0360] large[2700 x=1f60]
2492,large[26d0 x=0160] large[2700 x=1d60]
2493,large[2700 x=1b60]
2494,large[2700 x=1960]
2495,large[2700 x=1760]
2496,large[2700 x=1560]
2497,large[2700 x=1360]
2498,large[2700 x=1160]
2499,large[26d0 x=fd80] large[2700 x=0f60]
2500,large[26d0 x=fb80] large[2700 x=0d60]
2501,large[26d0 x=f980] large[2700 x=0b60]
2502,large[26d0 x=f780] large[2700 x=0960]
2503,large[26d0 x=f580] large[2700 x=0760]
2504,large[26d0 x=f380] large[2700 x=0560]
2505,large[26d0 x=f180] large[2700 x=0360]
2506,large[26d0 x=ef80] large[2700 x=0160]
2507,large[26d0 x=ed80]
2508,large[26d0 x=eb80]
2509,large[26d0 x=e980]
2510,large[26d0 x=e780]
2511,large[26d0 x=e580]
2512,large[26d0 x=e380]
2513,large[26d0 x=e180]
2514,large[26d0 x=df80]
2515,large[26d0 x=dd80]
2516,large[26d0 x=db80]
2517,large[26d0 x=d980]
2518,large[26d0 x=d780]
2519,large[26d0 x=d580]
2520,large[26d0 x=d380]
2521,large[26d0 x=d180]
2522,large[26d0 x=cf80]
2523,large[26d0 x=cd80]
2524,large[26d0 x=cb80]
2525,large[26d0 x=c980]
2526,large[26d0 x=c780]
2527,large[26d0 x=c580]
2528,large[26d0 x=c380]
2529,large[26d0 x=c180]
2530,large[26d0 x=bf80]
2531,large[26d0 x=bd80]
2532,large[26d0 x=bb80]
2533,large[26d0 x=b980]
2534,large[26d0 x=b780]
2535,large[26d0 x=b580]
2536,large[26d0 x=b380]
2537,large[26d0 x=b180]
2538,large[26d0 x=af80]
2539,large[26d0 x=ad80]
2540,large[26d0 x=ab80]
2541,large[26d0 x=a980]
2542,large[26d0 x=a900]
2543,large[26d0 x=a880]
2544,large[26d0 x=a800]
2545,large[26d0 x=a780]
2546,large[26d0 x=a830]
2547,large[26d0 x=a8e0]
2548,large[26d0 x=a990]
2549,large[26d0 x=aa40]
2550,large[26d0 x=aaf0]
2551,large[26d0 x=aba0]
2552,large[26d0 x=ac50]
2553,large[26d0 x=ad00]
2554,large[26d0 x=adb0]
2555,large[26d0 x=ae60]
2556,large[26d0 x=af10]
2557,large[26d0 x=afc0]
2558,large[26d0 x=b070]
2559,large[26d0 x=b120]
2560,large[26d0 x=b1d0]
2561,large[26d0 x=b280]
2562,large[26d0 x=b330]
2563,large[26d0 x=b3e0]
2564,large[26d0 x=b490]
2565,large[26d0 x=b540]
2566,large[26d0 x=b5f0]
2567,large[26d0 x=b6a0]
2568,large[26d0 x=b750]
2569,large[26d0 x=b6d0]
2570,large[26d0 x=b650]
2571,large[26d0 x=b5d0]
2572,large[26d0 x=b3d0]
2573,large[26d0 x=b1d0]
2574,large[26d0 x=afd0]
2575,large[26d0 x=add0]
2576,large[26d0 x=abd0]
2577,large[26d0 x=a9d0]
2578,large[26d0 x=a7d0]
2579,large[26d0 x=a5d0]
2580,large[26d0 x=a3d0]
2581,large[26d0 x=a1d0]
2582,large[26d0 x=9fd0]
2583,large[26d0 x=9dd0]
2584,large[26d0 x=9bd0]
2585,large[26d0 x=99d0]
2586,large[26d0 x=97d0]
2587,large[26d0 x=95d0]
2588,large[26d0 x=93d0]
2589,large[26d0 x=91d0]
2590,large[26d0 x=8fd0]
2591,large[26d0 x=8dd0]
2592,large[26d0 x=8bd0]
2593,large[26d0 x=89d0]
2594,large[26d0 x=87d0]
2595,large[26d0 x=85d0]
2596,large[26d0 x=83d0]
2597,large[26d0 x=81d0]
2598,large[26d0 x=7fd0]
2599,large[26d0 x=7dd0]
2600,large[26d0 x=7bd0]
2601,large[26d0 x=79d0]
2602,large[26d0 x=77d0]
2603,large[26d0 x=75d0]
2604,large[26d0 x=73d0]
2605,large[26d0 x=71d0]
2606,large[26d0 x=6fd0]
2607,large[26d0 x=6dd0]
2608,large[26d0 x=6bd0]
2609,large[26d0 x=69d0]
2610,large[26d0 x=67d0]
2611,large[26d0 x=65d0]
2612,large[26d0 x=63d0]
2613,large[26d0 x=61d0]
2614,large[26d0 x=5fd0]
2615,large[26d0 x=5dd0]
2616,large[26d0 x=5bd0]
2617,large[26d0 x=59d0]
2618,large[26d0 x=57d0]
2619,large[26d0 x=55d0]
2620,large[26d0 x=53d0]
2621,large[26d0 x=51d0]
2622,large[26d0 x=4fd0]
2623,large[26d0 x=4dd0]
2624,large[26d0 x=4bd0]
2625,large[26d0 x=49d0]
2626,large[26d0 x=47d0]
2627,large[26d0 x=45d0]
2628,large[26d0 x=43d0]
2629,large[26d0 x=41d0]
2630,large[26d0 x=3fd0]
2631,large[26d0 x=3dd0]
2632,large[26d0 x=3bd0]
2633,large[26d0 x=39d0]
2634,large[26d0 x=37d0]
2635,large[26d0 x=35d0]
2636,large[26d0 x=33d0]
2637,large[26d0 x=31d0]
2638,large[26d0 x=2fd0]
2639,large[26d0 x=2dd0]
2640,large[26d0 x=2bd0]
2641,large[26d0 x=29d0]
2642,large[26d0 x=27d0]
2643,large[26d0 x=25d0]
2644,large[26d0 x=23d0]
2645,large[26d0 x=21d0]
2646,large[26d0 x=1fd0]
2647,large[26d0 x=1dd0]
2648,large[26d0 x=1bd0]
2649,large[26d0 x=19d0]
2650,large[26d0 x=17d0]
2651,large[26d0 x=15d0]
2652,large[26d0 x=13d0]
2653,large[26d0 x=11d0]
2654,large[26d0 x=0fd0]
2655,large[26d0 x=0dd0]
2656,large[26d0 x=0e80]
2657,large[26d0 x=0f30]
2658,large[26d0 x=0fe0]
2659,large[26d0 x=1090]
2660,large[26d0 x=1140]
2661,large[26d0 x=11f0]
2662,large[26d0 x=12a0]
2663,large[26d0 x=1350]
2664,large[26d0 x=1400]
2665,large[26d0 x=14b0]
2666,large[26d0 x=1560]
2667,large[26d0 x=1610]
2668,large[26d0 x=1590]
2669,large[26d0 x=1510]
2670,large[26d0 x=1490]
2671,large[26d0 x=1290]
2672,large[26d0 x=1090]
2673,large[26d0 x=0e90]
2674,large[26d0 x=0c90]
2675,large[26d0 x=0a90]
2676,large[26d0 x=0890]
2677,large[26d0 x=0690] small[2760 x=fd80]
2678,large[26d0 x=0490] small[2760 x=fb80]
2679,large[26d0 x=0290] small[2760 x=f980]
2680,large[26d0 x=0090] small[2760 x=f780]
2681,small[2760 x=f580]
2682,small[2760 x=f380]
2683,small[2760 x=f180]
2684,small[2760 x=ef80]
2685,small[2760 x=ed80]
2686,small[2760 x=eb80]
2687,small[2760 x=e980]
2688,small[2760 x=e780]
2689,small[2760 x=e580]
2690,small[2760 x=e380]
2691,small[2760 x=e180]
2692,small[2760 x=df80]
2693,small[2760 x=dd80]
2694,small[2760 x=db80]
2695,small[2760 x=d980]
2696,small[2760 x=d780]
2697,small[2760 x=d580]
2698,small[2760 x=d380]
2699,small[2760 x=d180]
2700,small[2760 x=cf80]
2701,small[2760 x=cd80]
2702,small[2760 x=cb80]
2703,small[2760 x=c980]
2704,small[2760 x=c780]
2705,small[2760 x=c580]
2706,small[2760 x=c380]
2707,small[2760 x=c180]
2708,small[2760 x=bf80]
2709,small[2760 x=bd80]
2710,small[2760 x=bb80]
2711,small[2760 x=b980]
2712,small[2760 x=b780]
2713,small[2760 x=b580]
2714,small[2760 x=b380]
2715,small[2760 x=b180]
2716,small[2760 x=af80]
2717,small[2760 x=ad80]
2718,small[2760 x=ab80]
2719,small[2760 x=a980]
2720,small[2760 x=a780]
2721,small[2760 x=a580]
2722,small[2760 x=a380]
2723,small[2760 x=a180]
2724,small[2760 x=9f80]
2725,small[2760 x=9d80]
2726,small[2760 x=9b80]
2727,small[2760 x=9980]
2728,small[2760 x=9780]
2729,small[2760 x=9580]
2730,small[2760 x=9380]
2731,small[2760 x=9180]
2732,small[2760 x=8f80]
2733,small[2760 x=8d80]
2734,small[2760 x=8b80]
2735,small[2760 x=8980]
2736,small[2760 x=8780]
2737,small[2760 x=8580]
2738,small[2760 x=8380]
2739,small[2760 x=8180]
2740,small[2760 x=7f80]
2741,small[2760 x=7d80]
2742,small[2760 x=7d00]
2743,small[2760 x=7c80]
2744,small[2760 x=7c00]
2745,small[2760 x=7b80]
2746,small[2760 x=7b00]
2747,small[2760 x=7a80]
2748,small[2760 x=7a00]
2749,small[2760 x=7980]
2750,small[2760 x=7900]
2751,small[2760 x=7880]
2752,small[2760 x=7800]
2753,small[2760 x=7780]
2754,small[2760 x=7700]
2755,small[2760 x=7680]
2756,small[2760 x=7600]
2757,small[2760 x=7580]
2758,small[2760 x=7500]
2759,small[2760 x=7480]
2760,small[2760 x=7400]
2761,small[2760 x=7380]
2762,small[2760 x=7300]
2763,small[2760 x=7280]
2764,small[2760 x=7200]
2765,small[2760 x=7180]
2766,small[2760 x=7230]
2767,small[2760 x=72e0]
2768,small[2760 x=7390]
2769,small[2760 x=7440]
2770,small[2760 x=74f0]
2771,small[2760 x=75a0]
2772,small[2760 x=7650]
2773,small[2760 x=7700]
2774,small[2760 x=77b0]
2775,small[2760 x=7860]
2776,small[2760 x=7910]
2777,small[2760 x=79c0]
2778,small[2760 x=7a70]
2779,small[2760 x=7b20]
2780,small[2760 x=7bd0]
2781,small[2760 x=7c80]
2782,small[2760 x=7d30]
2783,small[2760 x=7de0]
2784,small[2760 x=7e90]
2785,small[2760 x=7f40]
2786,small[2760 x=7ff0]
2787,small[2760 x=80a0]
2788,small[2760 x=8150]
2789,small[2760 x=8200]
2790,small[2760 x=82b0]
2791,small[2760 x=8360]
2792,small[2760 x=8410]
2793,small[2760 x=84c0]
2794,small[2760 x=8570]
2795,small[2760 x=8620]
2796,small[2760 x=86d0]
2797,small[2760 x=8780]
2798,small[2760 x=8830]
2799,small[2760 x=88e0]
2800,small[2760 x=8990]
2801,small[2760 x=8a40]
2802,small[2760 x=8af0]
2803,small[2760 x=8ba0]
2804,small[2760 x=8c50]
2805,small[2760 x=8d00]
2806,small[2760 x=8db0]
2807,small[2760 x=8e60]
2808,small[2760 x=8f10]
2809,small[2760 x=8fc0]
2810,small[2760 x=9070]
2811,small[2760 x=9120]
2812,small[2760 x=91d0]
2813,small[2760 x=9280]
2814,small[2760 x=9330]
2815,small[2760 x=93e0]
2816,small[2760 x=9490]
2817,small[2760 x=9540]
2818,small[2760 x=95f0]
2819,small[2760 x=96a0]
2820,small[2760 x=9750]
2821,small[2760 x=9800]
2822,small[2760 x=98b0]
2823,small[2760 x=9960]
2824,small[2760 x=9a10]
2825,small[2760 x=9ac0]
2826,small[2760 x=9b70]
2827,small[2760 x=9c20]
2828,small[2760 x=9cd0]
2829,small[2760 x=9d80]
2830,small[2760 x=9e30]
2831,small[2760 x=9ee0]
2832,small[2760 x=9f90]
2833,small[2760 x=a040]
2834,small[2760 x=a0f0]
2835,small[2760 x=a1a0]
2836,small[2760 x=a250]
2837,small[2760 x=a300]
2838,small[2760 x=a3b0]
2839,small[2760 x=a460]
2840,small[2760 x=a510]
2841,small[2760 x=a5c0]
2842,small[2760 x=a670]
2843,small[2760 x=a720]
2844,small[2760 x=a7d0]
2845,small[2760 x=a880]
2846,small[2760 x=a930]
2847,small[2760 x=a9e0]
2848,small[2760 x=aa90]
2849,small[2760 x=ab40]
2850,small[2760 x=abf0]
2851,small[2760 x=aca0]
2852,small[2760 x=ad50]
2853,small[2760 x=ae00]
2854,small[2760 x=aeb0]
2855,small[2760 x=af60]
2856,small[2760 x=b010]
2857,small[2760 x=b0c0]
2858,small[2760 x=b170]
2859,small[2760 x=b220]
2860,small[2760 x=b2d0]
2861,small[2760 x=b380]
2862,small[2760 x=b300]
2863,small[2760 x=b280]
2864,small[2760 x=b080]
2865,small[2760 x=ae80]
2866,small[2760 x=ac80]
2867,small[2760 x=aa80]
2868,small[2760 x=a880]
2869,small[2760 x=a680]
2870,small[2760 x=a480]
2871,small[2760 x=a280]
2872,small[2760 x=a080]
2873,small[2760 x=9e80]
2874,small[2760 x=9c80]
2875,small[2760 x=9a80]
2876,small[2760 x=9880]
2877,small[2760 x=9680]
2878,small[2760 x=9480]
2879,small[2760 x=9280]
2880,small[2760 x=9080]
2881,small[2760 x=8e80]
2882,small[2760 x=8c80]
2883,small[2760 x=8a80]
2884,small[2760 x=8880]
2885,small[2760 x=8680]
2886,small[2760 x=8480]
2887,small[2760 x=8280]
2888,small[2760 x=8080]
2889,small[2760 x=7e80]
2890,small[2760 x=7c80]
2891,small[2760 x=7a80]
2892,small[2760 x=7880]
2893,small[2760 x=7680]
2894,small[2760 x=7480]
2895,small[2760 x=7280]
2896,small[2760 x=7080]
2897,small[2760 x=6e80]
2898,small[2760 x=6c80]
2899,small[2760 x=6a80]
2900,small[2760 x=6880]
2901,small[2760 x=6680]
2902,small[2760 x=6480]
2903,small[2760 x=6280]
2904,small[2760 x=6080]
2905,small[2760 x=5e80]
2906,small[2760 x=5c80]
2907,small[2760 x=5a80]
2908,small[2760 x=5880]
2909,small[2760 x=5680]
2910,small[2760 x=5480]
2911,small[2760 x=5280]
2912,small[2760 x=5080]
2913,large[26d0 x=fd80] small[2760 x=4e80]
2914,large[26d0 x=fb80] small[2760 x=4c80]
2915,large[26d0 x=f980] small[2760 x=4a80]
2916,large[26d0 x=f780] small[2760 x=4880]
2917,large[26d0 x=f580] small[2760 x=4680]
2918,large[26d0 x=f380] small[2760 x=4480]
2919,large[26d0 x=f180] small[2760 x=4280]
2920,large[26d0 x=ef80] small[2760 x=4080]
2921,large[26d0 x=ed80] small[2760 x=3e80]
2922,large[26d0 x=eb80] small[2760 x=3c80]
2923,large[26d0 x=e980] small[2760 x=3a80]
2924,large[26d0 x=e780] small[2760 x=3880]
2925,large[26d0 x=e580] small[2760 x=3680]
2926,large[26d0 x=e380] small[2760 x=3480]
2927,large[26d0 x=e180] small[2760 x=3280]
2928,large[26d0 x=df80] small[2760 x=3080]
2929,large[26d0 x=dd80] small[2760 x=2e80]
2930,large[26d0 x=db80] small[2760 x=2c80]
2931,large[26d0 x=d980] small[2760 x=2a80]
2932,large[26d0 x=d780] small[2760 x=2880]
2933,large[26d0 x=d580] small[2760 x=2680]
2934,large[26d0 x=d380] small[2760 x=2480]
2935,large[26d0 x=d180] small[2760 x=2280]
2936,large[26d0 x=cf80] small[2760 x=2080]
2937,large[26d0 x=cd80] small[2760 x=1e80]
2938,large[26d0 x=cb80] small[2760 x=1c80]
2939,large[26d0 x=c980] small[2760 x=1a80]
2940,large[26d0 x=c780] small[2760 x=1880]
2941,large[26d0 x=c580] small[2760 x=1680]
2942,large[26d0 x=c380] small[2760 x=1480]
2943,large[26d0 x=c180] small[2760 x=1280]
2944,large[26d0 x=bf80] small[2760 x=1080]
2945,large[26d0 x=bd80] small[2760 x=0e80]
2946,large[26d0 x=bb80] small[2760 x=0c80]
2947,large[26d0 x=b980] small[2760 x=0a80]
2948,large[26d0 x=b780] small[2760 x=0880]
2949,large[26d0 x=b580] small[2760 x=0680]
2950,large[26d0 x=b380] small[2760 x=0480]
2951,large[26d0 x=b180] small[2760 x=0280]
2952,large[26d0 x=af80] small[2760 x=0080]
2953,large[26d0 x=ad80]
2954,large[26d0 x=ab80]
2955,large[26d0 x=a980]
2956,large[26d0 x=a780]
2957,large[26d0 x=a580]
2958,large[26d0 x=a380]
2959,large[26d0 x=a180]
2960,large[26d0 x=9f80]
2961,large[26d0 x=9d80]
2962,large[26d0 x=9b80]
2963,large[26d0 x=9980]
2964,large[26d0 x=9780]
2965,large[26d0 x=9580]
2966,large[26d0 x=9380]
2967,large[26d0 x=9180]
2968,large[26d0 x=8f80]
2969,large[26d0 x=8d80]
2970,large[26d0 x=8b80]
2971,large[26d0 x=8980]
2972,large[26d0 x=8780]
2973,large[26d0 x=8580]
2974,large[26d0 x=8380]
2975,large[26d0 x=8180]
2976,large[26d0 x=7f80]
2977,large[26d0 x=7d80]
2978,large[26d0 x=7b80]
2979,large[26d0 x=7980]
2980,large[26d0 x=7780]
2981,large[26d0 x=7580]
2982,large[26d0 x=7380]
2983,large[26d0 x=7180]
2984,large[26d0 x=6f80]
2985,large[26d0 x=6d80]
2986,large[26d0 x=6b80]
2987,large[26d0 x=6980]
2988,large[26d0 x=6780]
2989,large[26d0 x=6580]
2990,large[26d0 x=6380]
2991,large[26d0 x=6180]
2992,large[26d0 x=5f80]
2993,large[26d0 x=5d80]
2994,large[26d0 x=5b80]
2995,large[26d0 x=5980]
2996,large[26d0 x=5780]
2997,large[26d0 x=5580]
2998,large[26d0 x=5380]
2999,large[26d0 x=5180]
3000,large[26d0 x=4f80]
3001,large[26d0 x=4d80]
3002,large[26d0 x=4b80]
3003,large[26d0 x=4980]
3004,large[26d0 x=4780]
3005,large[26d0 x=4580]
3006,large[26d0 x=4380]
3007,large[26d0 x=4180]
3008,large[26d0 x=3f80]
3009,large[26d0 x=3d80]
3010,large[26d0 x=3b80]
3011,large[26d0 x=3980]
3012,large[26d0 x=3780]
3013,large[26d0 x=3580]
3014,large[26d0 x=3380]
3015,large[26d0 x=3180]
3016,large[26d0 x=2f80]
3017,large[26d0 x=2d80]
3018,large[26d0 x=2b80]
3019,large[26d0 x=2980]
3020,large[26d0 x=2780]
3021,large[26d0 x=2580]
3022,large[26d0 x=2380]
3023,large[26d0 x=2180]
3024,large[26d0 x=1f80]
3025,large[26d0 x=1d80] large[2700 x=fd80]
3026,large[26d0 x=1b80] large[2700 x=fb80]
3027,large[26d0 x=1980] large[2700 x=f980]
3028,large[26d0 x=1780] large[2700 x=f780]
3029,large[26d0 x=1580] large[2700 x=f580]
3030,large[26d0 x=1380] large[2700 x=f380]
3031,large[26d0 x=1180] large[2700 x=f180]
3032,large[26d0 x=0f80] large[2700 x=ef80]
3033,large[26d0 x=0d80] large[2700 x=ed80]
3034,large[26d0 x=0b80] large[2700 x=eb80]
3035,large[26d0 x=0980] large[2700 x=e980]
3036,large[26d0 x=0780] large[2700 x=e780]
3037,large[26d0 x=0580] large[2700 x=e580]
3038,large[26d0 x=0380] large[2700 x=e380]
3039,large[26d0 x=0180] large[2700 x=e180]
3040,large[2700 x=df80]
