native_frame,mame_frame,mame_rider_y,native_rider_y,mame_hoop_x_8_8,native_hoop_x_8_8,mame_collision,native_collision,mame_landing,native_landing,mame_score_event,native_score_event,match,mame_rider_state,native_rider_state,native_hd_frame,native_anchor_x,native_anchor_y
0,1322,d0,d0,d280,d280,safe_x,safe_x,0,0,000000,000000,1,A,A,1,512.000000,640.000000
1,1323,d0,d0,d080,d080,safe_x,safe_x,0,0,000000,000000,1,A,A,1,512.000000,640.000000
2,1324,d0,d0,ce80,ce80,safe_x,safe_x,0,0,000000,000000,1,A,A,1,512.000000,640.000000
3,1325,d0,d0,cc80,cc80,safe_x,safe_x,0,0,000000,000000,1,A,A,1,512.000000,640.000000
4,1326,d0,d0,ca80,ca80,safe_x,safe_x,0,0,000000,000000,1,A,A,1,512.000000,640.000000
5,1327,d0,d0,c880,c880,safe_x,safe_x,0,0,000000,000000,1,A,A,1,512.000000,640.000000
6,1328,d0,d0,c680,c680,safe_x,safe_x,0,0,000000,000000,1,B,B,2,512.000000,640.000000
7,1329,d0,d0,c480,c480,safe_x,safe_x,0,0,000000,000000,1,B,B,2,512.000000,640.000000
8,1330,d0,d0,c280,c280,safe_x,safe_x,0,0,000000,000000,1,B,B,2,512.000000,640.000000
9,1331,d0,d0,c080,c080,safe_x,safe_x,0,0,000000,000000,1,B,B,2,512.000000,640.000000
10,1332,d0,d0,be80,be80,safe_x,safe_x,0,0,000000,000000,1,B,B,2,512.000000,640.000000
11,1333,d0,d0,bc80,bc80,safe_x,safe_x,0,0,000000,000000,1,B,B,2,512.000000,640.000000
12,1334,d0,d0,ba80,ba80,safe_x,safe_x,0,0,000000,000000,1,B,B,2,512.000000,640.000000
13,1335,d0,d0,b880,b880,safe_x,safe_x,0,0,000000,000000,1,B,B,2,512.000000,640.000000
14,1336,d0,d0,b680,b680,safe_x,safe_x,0,0,000000,000000,1,C,C,3,512.000000,640.000000
15,1337,d0,d0,b480,b480,safe_x,safe_x,0,0,000000,000000,1,C,C,3,512.000000,640.000000
16,1338,d0,d0,b280,b280,safe_x,safe_x,0,0,000000,000000,1,C,C,3,512.000000,640.000000
17,1339,d0,d0,b080,b080,safe_x,safe_x,0,0,000000,000000,1,C,C,3,512.000000,640.000000
18,1340,d0,d0,ae80,ae80,safe_x,safe_x,0,0,000000,000000,1,C,C,3,512.000000,640.000000
19,1341,d0,d0,ac80,ac80,safe_x,safe_x,0,0,000000,000000,1,C,C,3,512.000000,640.000000
20,1342,d0,d0,aa80,aa80,safe_x,safe_x,0,0,000000,000000,1,C,C,3,512.000000,640.000000
21,1343,d0,d0,a880,a880,safe_x,safe_x,0,0,000000,000000,1,A,A,1,512.000000,640.000000
22,1344,d0,d0,a680,a680,safe_x,safe_x,0,0,000000,000000,1,A,A,1,512.000000,640.000000
23,1345,d0,d0,a480,a480,safe_x,safe_x,0,0,000000,000000,1,A,A,1,512.000000,640.000000
24,1346,d0,d0,a280,a280,safe_x,safe_x,0,0,000000,000000,1,A,A,1,512.000000,640.000000
25,1347,d0,d0,a080,a080,safe_x,safe_x,0,0,000000,000000,1,C,C,3,512.000000,640.000000
26,1348,cc,cc,9e80,9e80,safe_x,safe_x,0,0,000000,000000,1,C,C,3,512.000000,640.000000
27,1349,c9,c9,9c80,9c80,safe_x,safe_x,0,0,000000,000000,1,C,C,3,512.000000,640.000000
28,1350,c6,c6,9a80,9a80,safe_x,safe_x,0,0,000000,000000,1,C,C,3,512.000000,640.000000
29,1351,c3,c3,9880,9880,safe_x,safe_x,0,0,000000,000000,1,C,C,3,512.000000,640.000000
30,1352,c0,c0,9680,9680,safe_x,safe_x,0,0,000000,000000,1,C,C,3,512.000000,640.000000
31,1353,bd,bd,9480,9480,safe_x,safe_x,0,0,000000,000000,1,C,C,3,512.000000,640.000000
32,1354,ba,ba,9280,9280,safe_x,safe_x,0,0,000000,000000,1,C,C,3,512.000000,640.000000
33,1355,b7,b7,9080,9080,safe_x,safe_x,0,0,000000,000000,1,C,C,3,512.000000,640.000000
34,1356,b5,b5,8e80,8e80,safe_x,safe_x,0,0,000000,000000,1,C,C,3,512.000000,640.000000
35,1357,b3,b3,8c80,8c80,safe_x,safe_x,0,0,000000,000000,1,C,C,3,512.000000,640.000000
36,1358,b0,b0,8a80,8a80,safe_x,safe_x,0,0,000000,000000,1,C,C,3,512.000000,640.000000
37,1359,ae,ae,8880,8880,safe_x,safe_x,0,0,000000,000000,1,C,C,3,512.000000,640.000000
38,1360,ac,ac,8680,8680,safe_x,safe_x,0,0,000000,000000,1,C,C,3,512.000000,640.000000
39,1361,aa,aa,8480,8480,safe_x,safe_x,0,0,000000,000000,1,C,C,3,512.000000,640.000000
40,1362,a8,a8,8280,8280,safe_x,safe_x,0,0,000000,000000,1,C,C,3,512.000000,640.000000
41,1363,a6,a6,8080,8080,safe_x,safe_x,0,0,000000,000000,1,C,C,3,512.000000,640.000000
42,1364,a5,a5,7e80,7e80,safe_x,safe_x,0,0,000000,000000,1,C,C,3,512.000000,640.000000
43,1365,a3,a3,7c80,7c80,safe_x,safe_x,0,0,000000,000000,1,C,C,3,512.000000,640.000000
44,1366,a2,a2,7a80,7a80,safe_x,safe_x,0,0,000000,000000,1,C,C,3,512.000000,640.000000
45,1367,a0,a0,7880,7880,safe_x,safe_x,0,0,000000,000000,1,C,C,3,512.000000,640.000000
46,1368,9f,9f,7680,7680,safe_x,safe_x,0,0,000000,000000,1,C,C,3,512.000000,640.000000
47,1369,9e,9e,7480,7480,safe_x,safe_x,0,0,000000,000000,1,C,C,3,512.000000,640.000000
48,1370,9d,9d,7280,7280,safe_x,safe_x,0,0,000000,000000,1,C,C,3,512.000000,640.000000
49,1371,9c,9c,7080,7080,safe_x,safe_x,0,0,000000,000000,1,C,C,3,512.000000,640.000000
50,1372,9c,9c,6e80,6e80,safe_x,safe_x,0,0,000000,000000,1,C,C,3,512.000000,640.000000
51,1373,9b,9b,6c80,6c80,safe_x,safe_x,0,0,000000,000000,1,C,C,3,512.000000,640.000000
52,1374,9a,9a,6a80,6a80,safe_x,safe_x,0,0,000000,000000,1,C,C,3,512.000000,640.000000
53,1375,9a,9a,6880,6880,safe_x,safe_x,0,0,000000,000000,1,C,C,3,512.000000,640.000000
54,1376,9a,9a,6680,6680,safe_x,safe_x,0,0,000000,000000,1,C,C,3,512.000000,640.000000
55,1377,99,99,6480,6480,safe_x,safe_x,0,0,000000,000000,1,C,C,3,512.000000,640.000000
56,1378,99,99,6280,6280,safe_x,safe_x,0,0,000000,000000,1,C,C,3,512.000000,640.000000
57,1379,99,99,6080,6080,safe_x,safe_x,0,0,000000,000000,1,C,C,3,512.000000,640.000000
58,1380,99,99,5e80,5e80,safe_x,safe_x,0,0,000000,000000,1,C,C,3,512.000000,640.000000
59,1381,9a,9a,5c80,5c80,safe_x,safe_x,0,0,000000,000000,1,C,C,3,512.000000,640.000000
60,1382,9a,9a,5a80,5a80,safe_x,safe_x,0,0,000000,000000,1,C,C,3,512.000000,640.000000
61,1383,9a,9a,5880,5880,safe_x,safe_x,0,0,000000,000000,1,C,C,3,512.000000,640.000000
62,1384,9b,9b,5680,5680,safe_x,safe_x,0,0,000000,000000,1,C,C,3,512.000000,640.000000
63,1385,9c,9c,5480,5480,safe_x,safe_x,0,0,000000,000000,1,C,C,3,512.000000,640.000000
64,1386,9c,9c,5280,5280,safe_x,safe_x,0,0,000000,000000,1,C,C,3,512.000000,640.000000
65,1387,9d,9d,5080,5080,safe_x,safe_x,0,0,000000,000000,1,C,C,3,512.000000,640.000000
66,1388,9e,9e,4e80,4e80,safe_x,safe_x,0,0,000000,000000,1,C,C,3,512.000000,640.000000
67,1389,9f,9f,4c80,4c80,safe_above,safe_above,0,0,000000,000000,1,C,C,3,512.000000,640.000000
68,1390,a0,a0,4a80,4a80,safe_above,safe_above,0,0,000000,000000,1,C,C,3,512.000000,640.000000
69,1391,a2,a2,4880,4880,safe_above,safe_above,0,0,000000,000000,1,C,C,3,512.000000,640.000000
70,1392,a3,a3,4680,4680,safe_above,safe_above,0,0,000000,000000,1,C,C,3,512.000000,640.000000
71,1393,a5,a5,4480,4480,safe_above,safe_above,0,0,000000,000000,1,C,C,3,512.000000,640.000000
72,1394,a6,a6,4280,4280,safe_above,safe_above,0,0,000000,000000,1,C,C,3,512.000000,640.000000
73,1395,a8,a8,4080,4080,safe_above,safe_above,0,0,000000,000000,1,C,C,3,512.000000,640.000000
74,1396,aa,aa,3e80,3e80,safe_above,safe_above,0,0,000000,000000,1,C,C,3,512.000000,640.000000
75,1397,ac,ac,3c80,3c80,safe_above,safe_above,0,0,000000,000000,1,C,C,3,512.000000,640.000000
76,1398,ae,ae,3a80,3a80,safe_above,safe_above,0,0,000000,000000,1,C,C,3,512.000000,640.000000
77,1399,b0,b0,3880,3880,safe_above,safe_above,0,0,000000,000000,1,C,C,3,512.000000,640.000000
78,1400,b3,b3,3680,3680,safe_above,safe_above,0,0,000000,000000,1,C,C,3,512.000000,640.000000
79,1401,b5,b5,3480,3480,safe_above,safe_above,0,0,000000,000000,1,C,C,3,512.000000,640.000000
80,1402,b7,b7,3280,3280,safe_x,safe_x,0,0,000000,000000,1,C,C,3,512.000000,640.000000
81,1403,ba,ba,3080,3080,safe_x,safe_x,0,0,000000,000000,1,C,C,3,512.000000,640.000000
82,1404,bd,bd,2e80,2e80,safe_x,safe_x,0,0,000000,000000,1,C,C,3,512.000000,640.000000
83,1405,c0,c0,2c80,2c80,safe_x,safe_x,0,0,000000,000000,1,C,C,3,512.000000,640.000000
84,1406,c3,c3,2a80,2a80,safe_x,safe_x,0,0,000000,000000,1,C,C,3,512.000000,640.000000
85,1407,c6,c6,2880,2880,safe_x,safe_x,0,0,000000,000000,1,C,C,3,512.000000,640.000000
86,1408,c9,c9,2680,2680,safe_x,safe_x,0,0,000000,000000,1,C,C,3,512.000000,640.000000
87,1409,cc,cc,2480,2480,safe_x,safe_x,0,0,000000,000000,1,C,C,3,512.000000,640.000000
88,1410,d0,d0,2280,2280,safe_x,safe_x,1,1,000100,000064,1,A,A,1,512.000000,640.000000
89,1411,d0,d0,2080,2080,safe_x,safe_x,0,0,000000,000000,1,A,A,1,512.000000,640.000000
90,1412,d0,d0,1e80,1e80,safe_x,safe_x,0,0,000000,000000,1,A,A,1,512.000000,640.000000
91,1413,d0,d0,1c80,1c80,safe_x,safe_x,0,0,000000,000000,1,A,A,1,512.000000,640.000000
92,1414,d0,d0,1a80,1a80,safe_x,safe_x,0,0,000000,000000,1,A,A,1,512.000000,640.000000
93,1415,d0,d0,1880,1880,safe_x,safe_x,0,0,000000,000000,1,A,A,1,512.000000,640.000000
94,1416,d0,d0,1680,1680,safe_x,safe_x,0,0,000000,000000,1,A,A,1,512.000000,640.000000
95,1417,d0,d0,1480,1480,safe_x,safe_x,0,0,000000,000000,1,A,A,1,512.000000,640.000000
96,1418,d0,d0,1280,1280,safe_x,safe_x,0,0,000000,000000,1,B,B,2,512.000000,640.000000
97,1419,d0,d0,1080,1080,safe_x,safe_x,0,0,000000,000000,1,B,B,2,512.000000,640.000000
98,1420,d0,d0,0e80,0e80,safe_x,safe_x,0,0,000000,000000,1,B,B,2,512.000000,640.000000
99,1421,d0,d0,0c80,0c80,safe_x,safe_x,0,0,000000,000000,1,B,B,2,512.000000,640.000000
100,1422,d0,d0,0a80,0a80,safe_x,safe_x,0,0,000000,000000,1,B,B,2,512.000000,640.000000
101,1423,d0,d0,0880,0880,safe_x,safe_x,0,0,000000,000000,1,B,B,2,512.000000,640.000000
102,1424,d0,d0,0680,0680,safe_x,safe_x,0,0,000000,000000,1,B,B,2,512.000000,640.000000
103,1425,d0,d0,0480,0480,safe_x,safe_x,0,0,000000,000000,1,C,C,3,512.000000,640.000000
104,1426,d0,d0,0280,0280,safe_x,safe_x,0,0,000000,000000,1,C,C,3,512.000000,640.000000
105,1427,d0,d0,0080,0080,safe_x,safe_x,0,0,000000,000000,1,C,C,3,512.000000,640.000000
106,1428,d0,d0,d980,d980,safe_x,safe_x,0,0,000000,000000,1,C,C,3,512.000000,640.000000
107,1429,d0,d0,d780,d780,safe_x,safe_x,0,0,000000,000000,1,C,C,3,512.000000,640.000000
108,1430,d0,d0,d580,d580,safe_x,safe_x,0,0,000000,000000,1,C,C,3,512.000000,640.000000
109,1431,d0,d0,d380,d380,safe_x,safe_x,0,0,000000,000000,1,C,C,3,512.000000,640.000000
110,1432,d0,d0,d180,d180,safe_x,safe_x,0,0,000000,000000,1,A,A,1,512.000000,640.000000
111,1433,d0,d0,cf80,cf80,safe_x,safe_x,0,0,000000,000000,1,A,A,1,512.000000,640.000000
112,1434,d0,d0,cd80,cd80,safe_x,safe_x,0,0,000000,000000,1,A,A,1,512.000000,640.000000
113,1435,d0,d0,cb80,cb80,safe_x,safe_x,0,0,000000,000000,1,A,A,1,512.000000,640.000000
114,1436,d0,d0,c980,c980,safe_x,safe_x,0,0,000000,000000,1,A,A,1,512.000000,640.000000
115,1437,d0,d0,c780,c780,safe_x,safe_x,0,0,000000,000000,1,A,A,1,512.000000,640.000000
116,1438,d0,d0,c580,c580,safe_x,safe_x,0,0,000000,000000,1,A,A,1,512.000000,640.000000
117,1439,d0,d0,c380,c380,safe_x,safe_x,0,0,000000,000000,1,A,A,1,512.000000,640.000000
118,1440,d0,d0,c180,c180,safe_x,safe_x,0,0,000000,000000,1,B,B,2,512.000000,640.000000
119,1441,d0,d0,bf80,bf80,safe_x,safe_x,0,0,000000,000000,1,B,B,2,512.000000,640.000000
